,song_title,id,clusters
0,Price I Pay,0.702116935483871,4
1,Never Again (Album Version),0.6285282258064516,9
2,Earth Child (World),0.3064516129032258,7
3,Master_ Faster_ Sweet Desaster,0.5871975806451613,9
4,"Silent Night (Featuring Geoffrey Jones_ Terrence ""T-Bone"" Frierson_ Billy Steele)",0.7792338709677419,4
5,"b""My Mans Gone Now""",0.07862903225806452,7
6,"b""Sweet Child O Mine""",0.09274193548387097,5
7,Getto Boys,0.38256048387096775,8
8,Crosses of crossed colors 3,0.26310483870967744,0
9,Thriller,0.9002016129032258,9
10,Qing Yi Shi,0.7101814516129032,3
11,Megaton B-Boy 2000 (LP Version),0.5917338709677419,9
12,Fried Neck Bones And Some Home Fries,0.3709677419354839,7
13,El troyano,0.31552419354838707,5
14,1000 Of Years Ago,0.1159274193548387,6
15,Sent By Angels,0.7651209677419355,3
16,The Plot To Bomb The Panhandle (Album Version),0.8785282258064516,9
17,Wendy,0.9546370967741935,4
18,Eyes Of A Stranger (Album Version),0.3392137096774194,5
19,Empty Bottles,0.3185483870967742,0
20,She Spoke 2 Me ( Extended Remix LP Version),0.7696572580645161,4
21,God Keeps A Candle,0.391633064516129,5
22,Bootleg Rum Dum Blues,0.2066532258064516,0
23,Blues As Blues Can Get,0.203125,7
24,Husbands And Wives,0.44506048387096775,7
25,"b""The Gold Its In The ... (1996 Digital Remaster)""",0.09425403225806452,5
26,Be Stiff (Live),0.18397177419354838,8
27,Komm Computer,0.5090725806451613,5
28,Tu Ex Amor,0.9203629032258064,3
29,I Wonder Where You Are Tonight,0.46118951612903225,7
30,Gyere velem,0.407258064516129,5
31,Class Act,0.24193548387096775,5
32,"b""Mothers Luv""",0.078125,5
33,"b""The Ballad Of St. Annes Reel""",0.09375,5
34,Meteorito,0.5952620967741935,1
35,Monday Morning Blues,0.608366935483871,2
36,Side By Side,0.7777217741935484,9
37,Somebody Stop Me,0.797883064516129,3
38,We Are The Reason - Medium key performance track w/o background vocals,0.9511088709677419,3
39,The Cat Came Back,0.8573588709677419,2
40,Let Him Fly,0.5347782258064516,3
41,Outside,0.6673387096774194,2
42,The Bottom Line,0.8553427419354839,4
43,Going Down,0.39364919354838707,8
44,Marrakech,0.5846774193548387,9
45,People Never Give Up,0.6799395161290323,4
46,"b""Itll All Come Around (Album Version)""",0.057459677419354836,5
47,Roadhouse Blues (Live In Detroit) (LP Version),0.736391129032258,3
48,Hiroshima,0.42943548387096775,0
49,Nocturne For Piano No. 8 In D Flat Major_ Op. 84 No. 8 (also in Huit pi\xc3\xa8ces br\xc3\xa8ves_ Op. 84/8),0.641633064516129,0
50,I Swear the Visine is for my Allergies,0.45514112903225806,8
51,Reunited,0.7308467741935484,4
52,Bath Of Least Resistance,0.18346774193548387,5
53,Sea_ Subsurface,0.7585685483870968,0
54,De Lai Bu Yi,0.27872983870967744,7
55,Wild Ride (From the album Steel And Fire),0.967741935483871,2
56,Birak Yakami,0.1970766129032258,8
57,New Morning (Live),0.6320564516129032,3
58,"b""Its Alright Bruv""",0.0594758064516129,8
59,Svedomi,0.8276209677419355,4
60,People = Sh*t (live) (Album Version),0.6794354838709677,9
61,Como Olvidar (Merengue Versi\xc3\xb3n),0.24848790322580644,5
62,Les Fleurs,0.532258064516129,4
63,Too Tight Blues No. 2,0.9102822580645161,2
64,Dekh Le,0.28326612903225806,8
65,New Born Soul,0.6300403225806451,3
66,Madeleine,0.5735887096774194,3
67,El Oro De La Gallina De Los Huevos,0.31451612903225806,8
68,War?,0.9465725806451613,9
69,If You Leave Me Now,0.4662298387096774,7
70,You Saved My Life,0.9879032258064516,4
71,Prends-Moi La Main,0.7006048387096774,4
72,So Many Roads,0.7913306451612903,4
73,Oceans,0.6496975806451613,4
74,"b""Dont Look Back (Radio Edit)""",0.022681451612903226,5
75,Splendido Sundance,0.8079637096774194,3
76,Mr. Goose,0.6154233870967741,6
77,Would?,0.9742943548387096,4
78,Revolution,0.7313508064516129,9
79,The Line,0.8724798387096774,3
80,The Yellow Rose Of Texas,0.8946572580645161,3
81,Trapdoor,0.9143145161290323,9
82,"b""The Whites Bedroom - Fire Escape""",0.09627016129032258,8
83,Plastic People,0.6890120967741935,4
84,Song Of Australia - Canto 6 (2009 Digital Remaster),0.7993951612903225,2
85,Black Celebration,0.19808467741935484,8
86,Le Fiacre,0.5267137096774194,1
87,Meeting Daisy,0.5912298387096774,0
88,Sophie,0.8014112903225806,3
89,"b""Ke T Oniro Egine Efialtis""",0.06451612903225806,7
90,Superscout,0.8256048387096774,9
91,Another Land (World),0.1592741935483871,7
92,"b""Please Heart_ Youre Killing Me""",0.08316532258064516,5
93,No Volveras A Mi,0.6391129032258064,3
94,Take a Ride,0.8366935483870968,4
95,Castillos Y Sue\xc3\xb1os,0.2288306451612903,1
96,All The Lessons,0.14919354838709678,8
97,Yodelling Mad (2002 Digital Remaster),0.9813508064516129,3
98,Lieder_ Die Uns Ein Leben Lang Begleiten,0.5378024193548387,3
99,So Not Over You (Motivo-Pop Lectro Mix),0.7923387096774194,9
100,"b""Cest Toujours Le Matin""",0.012096774193548387,5
101,Show Me The Way,0.7741935483870968,9
102,"b""Happy Mothers Day""",0.03326612903225806,7
103,Cruz,0.26461693548387094,5
104,Only Lonely,0.6622983870967741,9
105,Valium,0.9359879032258064,4
106,Afonsina y el mar,0.13860887096774194,5
107,Angel [2004],0.15574596774193547,8
108,Funny How Time Slips Away,0.3744959677419355,7
109,Klaio Gia Sena (Niagaras),0.5075604838709677,5
110,"b""Cuttin the Tree""",0.017641129032258063,5
111,Dont Push Me Away,0.29838709677419356,6
112,O Come_ O Come Emmanuel,0.6471774193548387,3
113,Run And Tell,0.7434475806451613,4
114,"b""Tout bizwen (feat. Milca_ SynnTya_ Shaolin)""",0.09828629032258064,5
115,Cuatro Veinte,0.2661290322580645,0
116,Goor,0.39868951612903225,1
117,"b""Burn Em Down (LP Version)""",0.011088709677419355,8
118,Music By Numbers (2001 Digital Remaster),0.6184475806451613,1
119,Kinky Woman,0.5060483870967741,3
120,Say Something,0.7565524193548386,4
121,N.Y. Electric / Hunter Interlude,0.6244959677419355,9
122,"b""At the Fountain (Reprise) (Brian dArcy James & Ensemble)""",0.007560483870967742,7
123,Moonlight Serenade,0.610383064516129,3
124,Chi Chi Man,0.23639112903225806,5
125,In My Arms (Live Auditorio Nacional 08),0.469758064516129,8
126,Passion_ Love & Pain (Feat. 25 Kids),0.6764112903225806,3
127,T\xc3\xa4ysikasvuinen mies,0.8326612903225806,3
128,"b""Im Hot""",0.04889112903225806,5
129,The Way,0.890625,3
130,"b""Youre A Big Boy Now (Album Version)""",0.1123991935483871,0
131,God Rest Ye Merry Gentlemen (World),0.39264112903225806,0
132,The Song from Moulin Rogue Where Is Your Heart,0.8845766129032258,3
133,The Way You Do The Things You Do,0.8901209677419355,3
134,Sensemilla,0.764616935483871,4
135,Exception To The Rule,0.33618951612903225,5
136,Just As I Am (Arr.)  (Different From Track One),0.4969758064516129,0
137,Touch My Body,0.9107862903225806,4
138,"b""Shes All I Ever Had""",0.08820564516129031,5
139,Dj,0.29536290322580644,8
140,Me Lo Dijo Adela,0.5882056451612903,3
141,Where You From,0.9627016129032258,4
142,Die Zeit,0.28981854838709675,7
143,Tell Me,0.8442540322580645,4
144,Lion Paw,0.5423387096774194,9
145,Believe (Album Version),0.1875,7
146,"b""Den SAdiko""",0.018649193548387098,7
147,Half Way Out The Door (Live),0.40826612903225806,6
148,Honey Fingers,0.4334677419354839,1
149,The Michael Vick Song,0.8744959677419355,4
150,Gloria,0.3870967741935484,5
151,Canta Una Canci\xc3\xb3n De Amor,0.2253024193548387,7
152,Love You Again,0.561491935483871,3
153,Subida y entrada al cante,0.8190524193548386,2
154,Point And Shoot (Demo),0.6950604838709677,4
155,Erick Sermon,0.32560483870967744,8
156,Soundtracks and Come Backs (radio mix),0.8039314516129032,9
157,"b""M\xc3\xa9lodie dAmour""",0.07560483870967742,7
158,John the Revelator,0.4909274193548387,2
159,More,0.6118951612903225,9
160,"b""Ill Never Be Able (To Tell It All) (High Key-Studio Track w/o Background Vocals)""",0.04536290322580645,7
161,"b""Venite Pa Maracaibo""",0.10080645161290322,6
162,The Kangaroo Theory,0.8689516129032258,4
163,All Burned Out,0.1461693548387097,8
164,What To Do,0.9556451612903225,4
165,Girl Nation [Live],0.3845766129032258,5
166,"b""You Know Its True""",0.11088709677419355,7
167,But Not For Me,0.2162298387096774,6
168,Hey Sexy Lady,0.4259072580645161,1
169,Edo Pou Ta Leme,0.3089717741935484,5
170,Change The Way (Highlands Album Version),0.23286290322580644,8
171,RAMUKA,0.7152217741935484,4
172,Raccolto,0.7162298387096774,0
173,Baiao Malandro,0.17893145161290322,6
174,I Was a Human Bomb for the FBI,0.4576612903225806,8
175,"b""I Cant Wait Until Tomorrow (Live)""",0.03881048387096774,5
176,Expolodera (som dynamit),0.3387096774193548,8
177,Perro Faldero,0.6819556451612903,4
178,Im Clu,0.46774193548387094,5
179,Throwdown At The Hoedown (LP Version),0.9012096774193548,2
180,Wisdom,0.9692540322580645,2
181,Common sense,0.24798387096774194,5
182,Sweet To Mama,0.8296370967741935,2
183,Gross Throw-up Burp (Sonnerie_ Ringtone),0.40423387096774194,1
184,Serenata,0.766633064516129,2
185,La Sitiera,0.5196572580645161,3
186,Scelxenak,0.7570564516129032,9
187,Dirty Old Man,0.2923387096774194,8
188,"b""You Dont See Into The Blues Like Me""",0.11038306451612903,6
189,Sanity Fades,0.752016129032258,9
190,"b""When A Mans In Love""",0.10534274193548387,0
191,Speak Low,0.8054435483870968,3
192,Superstar,0.8266129032258064,9
193,Love Oh Love (Live in Chicago),0.5609879032258064,4
194,MONDAY_ MONDAY,0.5680443548387096,3
195,"b""Were Out Of Gas""",0.1033266129032258,7
196,I Just Love Old People (Rocky Mountain Homecoming Version),0.45211693548387094,1
197,The World In My Hands (We Are One),0.8931451612903225,4
198,Pleasure Zone Mix,0.6930443548387096,4
199,Four Days Late (Studio Track w/o Background Vocals),0.3664314516129032,7
200,Mientras me quieras,0.6003024193548387,4
201,Alpha River,0.15171370967741934,6
202,Skymning,0.7852822580645161,3
203,Salamanders In The Sun,0.7479838709677419,4
204,Down In The Jungle,0.3009072580645161,5
205,Goodbye Broadway_ Hello France,0.3971774193548387,2
206,Act Won (Things Fall Apart),0.13558467741935484,6
207,Wie ein Eisb\xc3\xa4r sein,0.9672379032258064,4
208,Te Quiero Mamma,0.8407258064516129,9
209,Sister Seagull (Live),0.7827620967741935,3
210,Exit People,0.33719758064516125,1
211,So Nice - Original,0.7918346774193549,4
212,Master Mantrol (Dub / Instrumental Reggae Music),0.5866935483870968,1
213,Am I Losing You,0.15221774193548387,7
214,Where Are You,0.9601814516129032,9
215,Maria Betania,0.5831653225806451,0
216,"Inrtoduction ""Hing Hye Srder",0.47379032258064513,3
217,Con el chacacha del tren (Canc\xc3\xadon por Rumba),0.25,5
218,"b""Shes My Woman""",0.08921370967741936,6
219,Old Woman From Wexford,0.6522177419354839,2
220,Love_ Respect & Loyalty (feat. Sophie & Cait La Lee),0.563508064516129,4
221,Monologue With the Sky,0.609375,0
222,"b""1900s Madness #1""",0.0020161290322580645,7
223,Intro. (The Plan Album Version),0.4753024193548387,1
224,After I Made Love To You,0.13961693548387097,7
225,Love Like This,0.5599798387096774,8
226,Shifter,0.7711693548387096,4
227,"b""Its The Three Of Us Left""",0.06149193548387097,7
228,Corre_ Corre (Keep On Running),0.2560483870967742,6
229,Freed From Desire (Alternate Mix),0.3699596774193548,8
230,Around The World,0.16683467741935484,1
231,Girls,0.3850806451612903,5
232,"b""La Saint-Jean d\xc3\xa9t\xc3\xa9""",0.06955645161290322,7
233,Fritzy & Helen Hanft (Album),0.3719758064516129,6
234,Playboy Theme,0.689516129032258,3
235,Java Sparrow,0.48639112903225806,3
236,"b""Thanks God Im A Country Boy""",0.09324596774193548,5
237,Hesitation Blues,0.42489919354838707,2
238,Cumberland Gap,0.26764112903225806,7
239,Hasta Los Huesos,0.4122983870967742,5
240,Mood Indigo,0.6098790322580645,3
241,Run,0.7439516129032258,4
242,The Same Old Innocence,0.8825604838709677,9
243,"b""It Doesnt Matter Where_ Just Drive""",0.05695564516129032,7
244,"b""Dont Take Your Love Away From Me (Album Version)""",0.02469758064516129,5
245,Teenage Queen (Album Version),0.842741935483871,9
246,the tales of King Solitude 1:3,1.0,3
247,S*B*Y,0.7444556451612903,9
248,Love Happens Just Like That (LP Version),0.5579637096774194,4
249,Losing True (Album Version),0.5529233870967741,3
250,The Golden Rocket,0.8674395161290323,4
251,"b""La Nativit\xc3\xa9 Du Seigneur (1935) - 9 M\xc3\xa9ditations : I La Vierge Et Lenfant""",0.0690524193548387,1
252,Freedom (LP Version),0.3704637096774193,5
253,Flight of the Elephant,0.35786290322580644,6
254,How We Get Down,0.44052419354838707,1
255,Ram\xc3\xa8ne Moi,0.71875,4
256,Animal Crimes,0.15776209677419353,6
257,Storm,0.8160282258064516,4
258,No Quarter,0.6370967741935484,9
259,Canal de jonage,0.22429435483870966,7
260,Save Me (Rolling Stone Original Version),0.7555443548387096,3
261,Unemployed Black Astronaut,0.9309475806451613,9
262,Entonces,0.3235887096774194,6
263,Soul,0.8029233870967741,4
264,Heart Trouble,0.4163306451612903,5
265,Good Rocking Tonight,0.3966733870967742,1
266,Piano E Viola,0.6844758064516129,2
267,6 Yrs (Album Version ),0.1285282258064516,8
268,I Never Did No Hitler,0.4536290322580645,5
269,Dead End Sign,0.27973790322580644,5
270,God Gave Me You (Single/LP Version),0.3901209677419355,7
271,Prayer Walk,0.6990927419354839,3
272,"b""Cest pas ma faute""",0.013104838709677418,7
273,"b""Its A Secret""",0.05796370967741935,5
274,Only Just Begun,0.6617943548387096,4
275,Caroline (LP Version),0.22631048387096775,5
276,Some Kind of Record,0.796875,9
277,Forever,0.3654233870967742,1
278,New War,0.6330645161290323,6
279,Felicidade,0.3477822580645161,1
280,If They Want It,0.4652217741935484,1
281,The Future,0.8669354838709677,1
282,Cursed Angel Of Doom (Previously Unreleased&Re-Recorded Track),0.2701612903225806,8
283,Turn The Heat Up,0.923891129032258,4
284,Death Blow,0.28024193548387094,1
285,4 Minutes [Featuring Justin Timberlake And Timbaland] [Junkie XL Remix Edit],0.1255040322580645,8
286,Sickness,0.7772177419354839,9
287,Sleepy Lad,0.7867943548387096,3
288,Sea of Green,0.7580645161290323,4
289,My Plastic Heart (Plastic Operator Remix),0.6229838709677419,4
290,Mother_ Mother_ Mother_ Pin A Rose On Me,0.6134072580645161,2
291,True Fuschnick,0.9168346774193548,9
292,Exodus,0.3377016129032258,8
293,Inertiatic Esp,0.4722782258064516,8
294,October,0.6502016129032258,3
295,Souffle 2,0.8024193548387096,3
296,Go And Wash (Those Dirty Feet),0.38810483870967744,1
297,"b""Comin Home""",0.017137096774193547,8
298,Gateway,0.3785282258064516,0
299,Pode Me Chamar,0.6940524193548387,4
300,One About Heaven,0.65625,4
301,Finisterre (Live),0.35231854838709675,1
302,The One Who Lives Inside Your Heart,0.877016129032258,3
303,(Prayer Is The Key To Heaven) Faith Unlocks The Door,0.11491935483870967,7
304,Natural Light (Subliminal Self-Help),0.6265120967741935,0
305,Tsai Me Lemoni (2005 Digital Remaster),0.9198588709677419,9
306,"b""Americas Suitehearts""",0.005544354838709678,5
307,Sound Clash (featuring Beenie Man) - FattaSly Extended Mix,0.8034274193548386,9
308,Talk To Your Daughter (Album Version),0.8387096774193548,4
309,Creation,0.2605846774193548,5
310,Soleil rouge,0.795866935483871,4
311,Jericho  (Straight On Album Version),0.48739919354838707,6
312,I Got Rhythm,0.45110887096774194,1
313,You Better Stop,0.9828629032258064,4
314,"b""Didnt Know Yet What Id Know When I Was Bleedin""",0.019153225806451613,6
315,Hopelessly,0.43548387096774194,7
316,Born To Be Together,0.20816532258064516,5
317,100 Ways ( LP Version ),0.11542338709677419,5
318,Leo_ Are You Still Jumping Out Of Windows In Expensive Clothes?,0.5292338709677419,3
319,Frankie & Sue,0.36693548387096775,5
320,Death Song,0.28125,5
321,Everyday Stranger,0.33316532258064513,5
322,No. 6 The Coombe,0.639616935483871,3
323,Virgen De La Nieve - 14-String Guitar Solo,0.9405241935483871,0
324,"b""Dont Speak""",0.023689516129032258,1
325,Cross Currents,0.2620967741935484,5
326,You (Demo),0.9818548387096774,3
327,My Maria (LP Version),0.6219758064516129,2
328,"b""Youll Need Somebody On Your Bond""",0.11139112903225806,7
329,Raggy Road,0.7172379032258064,4
330,Concerto In A Minor_ Op 54: First Movement - Allegro Affettuoso - Andante Espressivo - Tempo I - Cadenza - Allegro Molto,0.25151209677419356,0
331,Tell The Truth (Album Version),0.844758064516129,4
332,Contigo Si,0.2540322580645161,7
333,Main Title,0.5761088709677419,0
334,La Calle Del Gato Que Pesca,0.5151209677419355,3
335,"b""Autumns Ablaze (Live)""",0.008064516129032258,8
336,Trumpet Blues And Cantabile,0.9188508064516129,4
337,Boulevard St. Germain,0.2091733870967742,5
338,40,0.12701612903225806,5
339,Greener,0.4032258064516129,5
340,Shrinking,0.7757056451612903,4
341,Secret Handshakes,0.7590725806451613,3
342,Only You,0.6633064516129032,3
343,Burning Skies,0.21522177419354838,5
344,Hun Qian De Nu Ren,0.44254032258064513,1
345,Prosperity In The U.S.A.,0.7056451612903225,4
346,Let It Bang,0.5352822580645161,8
347,Your Love Takes Good Care Of Me,0.9914314516129032,3
348,Flame It Up,0.3548387096774194,1
349,Love & Romance,0.5559475806451613,1
350,Ba\xc3\xb1os De Budapest (Extended Remix),0.17439516129032256,8
351,One Step Forward_ Two Steps Back,0.6597782258064516,1
352,"b""Ive got Vilking in Me""",0.052923387096774195,7
353,Mutter Erde,0.6194556451612903,9
354,Ride On Time (Original Version),0.7328629032258064,9
355,"b""Aint That Something""",0.004536290322580645,5
356,Bad Reputation (Originally Performed by Thin Lizzy),0.1779233870967742,8
357,2StepN,0.12348790322580645,5
358,Song Sung Blue,0.8004032258064516,3
359,You Can Do Better Than Me (Album Version),0.9833669354838709,3
360,Ombre Et Lumi\xc3\xa8re,0.6532258064516129,3
361,That Girl,0.8497983870967741,4
362,Seize the day,0.7626008064516129,4
363,Warung Beach,0.9470766129032258,9
364,Sunday Cream,0.8230846774193549,4
365,Only Human,0.6612903225806451,9
366,See The Big Man Cry,0.7600806451612903,4
367,Du machst mich irgendwann verr\xc3\xbcckt,0.3029233870967742,8
368,Three Little Birds,0.8996975806451613,4
369,Adrift,0.1376008064516129,7
370,My Last Date (With You),0.6209677419354839,3
371,Anna Bolena (1997 Digital Remaster): Alcun potria ascoltarti,0.15826612903225806,7
372,Fools Like You,0.36239919354838707,5
373,Breaking Of Day (Album Version),0.21068548387096775,1
374,Get Up (Diplo Mix),0.3805443548387097,8
375,Heartless,0.4173387096774193,8
376,Foolish Little Girl,0.36189516129032256,7
377,Isle Of Inishmore - Part 1 (Air),0.47731854838709675,3
378,Leroy Bown,0.530241935483871,6
379,Inaudible Melodies,0.47127016129032256,1
380,"b""U Dont Have To Call""",0.1003024193548387,5
381,Yi Ba Xiang Shui Yin,0.9778225806451613,4
382,A Veces Vuelvo,0.13205645161290322,5
383,Jingle Bells,0.4899193548387097,3
384,This Side Of Paradise,0.8981854838709677,4
385,"b""You Cant Hurry Love (Live)""",0.109375,8
386,Out Of This World,0.6668346774193549,9
387,I Changed My Mind (DJ Spinna Remix),0.4480846774193548,8
388,"b""Keys To The Whip (Straight Pimpin Mix)""",0.06502016129032258,8
389,Howell\x19s Delight,0.4410282258064516,3
390,Hey Little Girl (1949),0.4254032258064516,3
391,Petite Fleur (Instrumental) (1996 Digital Remaster),0.6824596774193549,2
392,Witchcraft (1997 Digital Remaster),0.9702620967741935,4
393,Xue Hua Chao,0.9763104838709677,3
394,Fleetwood,0.3563508064516129,7
395,Chaos (Live - Bridgehouse Tapes),0.23387096774193547,8
396,"b""Anythings Better Than Feelin The Blues""",0.006552419354838709,6
397,40 OZ Quartet Part I,0.12651209677419353,5
398,Year 3_000 Blues (2002 Digital Remaster),0.9768145161290323,2
399,Kiss the Sky,0.5065524193548387,5
400,Over The Rainbow,0.6693548387096774,3
401,3 + 3,0.12399193548387097,7
402,"b""I Dont Know""",0.03931451612903226,7
403,Tell Your Momma Come,0.8452620967741935,4
404,Anarchy in the UK (Sex Pistols) (Bonus Track),0.15473790322580644,5
405,Mary Had A Little Lam,0.5861895161290323,9
406,Gamble Calypso,0.376008064516129,6
407,"b""Gettin Together""",0.030745967741935484,1
408,To My_ Niechciani,0.9047379032258064,4
409,Wings Of Love,0.9682459677419355,4
410,What Would You Do?,0.9566532258064516,9
411,Anti fashion victime,0.16078629032258063,7
412,Feriado,0.34879032258064513,5
413,Mambo Bacan,0.5786290322580645,4
414,For Free,0.3639112903225806,1
415,Haughtiness And Puerile Dreams,0.4128024193548387,5
416,Sugar Bush,0.8215725806451613,4
417,The 23rd Psalm,0.8513104838709677,2
418,Ali Baba,0.14465725806451613,5
419,If you Seek Amy,0.46673387096774194,8
420,No Loafting,0.6360887096774194,4
421,Paloma Consentida,0.6723790322580645,3
422,Leave Me Be,0.5282258064516129,3
423,Trash (live Paris),0.9153225806451613,3
424,"b""LAventurier""",0.06703629032258064,8
425,Cheshire Grin,0.23588709677419353,8
426,Talk About Me,0.8377016129032258,2
427,Wishy Washy Woman,0.969758064516129,4
428,Yi Xiao Shi Chong Yin,0.9788306451612903,3
429,Rumpu ly\xc3\xb6,0.7429435483870968,4
430,Foreign Prince Of Tokyo,0.3649193548387097,3
431,Blessed Assurance (I Love To Tell The Story Album Version),0.19959677419354838,5
432,King Tee Production,0.5055443548387096,1
433,Skinned Strings,0.7842741935483871,0
434,The Bull Frog,0.8558467741935484,4
435,Lusco,0.5670362903225806,3
436,Deus Ex Machina,0.2878024193548387,0
437,Your Touch Versus Death,0.9929435483870968,9
438,True Nature,0.9178427419354839,9
439,A White Demon Love Song (Soundtrack Album Version),0.13306451612903225,5
440,Danser seule 2,0.2767137096774194,5
441,House Music,0.438508064516129,5
442,"b""Its So Fine""",0.06098790322580645,6
443,Des Helden Widersacher,0.28427419354838707,0
444,A World In Fast Forward,0.13356854838709678,7
445,Little Bit of Inner Air,0.5443548387096774,9
446,Sweeter Than You,0.830141129032258,4
447,Sweet Defeat,0.828125,9
448,Marseille (Live On Tour_ 1984),0.5851814516129032,9
449,Seeing Is Believing,0.7620967741935484,9
450,Atrapados En La Red,0.16985887096774194,5
451,Push It,0.7076612903225806,9
452,On Tomorrow,0.655241935483871,4
453,B\xc3\xbclent & Mompfreed: Mompfreedonium,0.17389112903225806,6
454,"Los De Arag\xc3\xb3n: ""Los De Arag\xc3\xb3n",0.5519153225806451,2
455,V,0.9344758064516129,9
456,The Lost Name of God,0.8729838709677419,9
457,Through With You,0.9007056451612903,4
458,Red Apple Juice (LP Version),0.7217741935483871,3
459,Sugar Blues,0.8210685483870968,2
460,Bomba Camara,0.20463709677419353,5
461,Who Do You Roll With?  (LP Version),0.9642137096774194,2
462,Hip Replacement,0.4284274193548387,8
463,Chalifot (Suits) (Live) (ft. Lioara Itzchak),0.23235887096774194,5
464,Zornig!,0.9974798387096774,4
465,El Chorro,0.3119959677419355,5
466,Every Breath I Take,0.3321572580645161,5
467,Here I Am,0.4213709677419355,7
468,Down And Out In Paradise,0.3004032258064516,8
469,"b""Ill Meet You By The River (Southern Convention Songs Version)""",0.04485887096774194,7
470,Loving By Heart,0.5650201612903226,3
471,Cancion De Amor Eterno,0.2247983870967742,0
472,Firewater,0.3533266129032258,6
473,Overture/Blue Tahitian Moon,0.6713709677419355,2
474,Ernestine,0.32610887096774194,7
475,No Soy Uno M\xc3\xa1s,0.6381048387096774,4
476,Ur Sj\xc3\xa4lslig D\xc3\xb6d,0.9339717741935484,9
477,Madeleine (feat. Thomas Fersen),0.5730846774193549,4
478,The Christmas Song,0.8588709677419355,4
479,Zhui Zhong,0.9964717741935484,4
480,Rescue And Breakout,0.7283266129032258,2
481,Honey,0.4339717741935484,8
482,20 horas de nada,0.12147177419354839,7
483,Silver Bells,0.7797379032258064,3
484,Babes In Arms,0.1748991935483871,5
485,Round 7:  2138,0.7409274193548386,2
486,Kyana,0.5120967741935484,8
487,Cum,0.26713709677419356,5
488,Hello Hello,0.4188508064516129,1
489,Subliminal ohne Naturgeraeusche,0.8195564516129032,0
490,"b""CEtait Bien""",0.011592741935483871,6
491,Marcel,0.5816532258064516,3
492,Hunted,0.4440524193548387,0
493,Another Last Shot (Album Version),0.1597782258064516,5
494,Turandot (2008 Digital Remaster)_ Act III - Scene I: Nessum dorma!,0.9223790322580645,3
495,Safety Net (Album Version),0.7464717741935484,6
496,Isle of St. Helena,0.47782258064516125,3
497,"b""Ill Be Yours""",0.04435483870967742,7
498,Sarank\xc3\xa9gni,0.7535282258064516,4
499,Eurydice! ombre ch\xc3\xa8re!,0.33064516129032256,0
500,Whip Fight,0.9632056451612903,4
501,A Talk With Dad,0.13155241935483872,1
502,Prayer For The Dying (Live In Paris),0.6985887096774194,4
503,Gigantor,0.38407258064516125,8
504,Rotate,0.7404233870967741,4
505,Distant Cousin,0.2938508064516129,1
506,Got To Tell The People,0.4002016129032258,1
507,"b""If IM Dreaming just Let Me Dream""",0.053931451612903226,6
508,Better Days (Album Version),0.19153225806451613,5
509,"b""The Hills Of Old Wyomin""",0.09475806451612903,0
510,D\xc3\xa9sol\xc3\xa9 Pour La Poussi\xc3\xa8re,0.2716733870967742,5
511,Here And Beyond,0.42086693548387094,8
512,Love,0.5625,4
513,Apoliome Re Giorgi (Feat. Etsi De),0.16381048387096775,8
514,Here I Am,0.4213709677419355,7
515,This Very Moment,0.8986895161290323,9
516,The Coloness Of The Chain,0.8598790322580645,3
517,La Otra,0.517641129032258,7
518,Feeling,0.3472782258064516,8
519,Blue [Da Ba Dee] [Gabry Ponte vs. HiFi Blueprint Remix],0.20110887096774194,5
520,Gotta Cut Out,0.4007056451612903,5
521,Kill Your Darlings,0.5045362903225806,5
522,"Rinaldo : Act 1 ""Cor ingrato_ ti rammembri"" [Rinaldo]",0.7348790322580645,2
523,The Trial_ Were You Scared? [The Lost Interview Tapes - Volume Two] (LP Version),0.8876008064516129,2
524,Be my Lover,0.1844758064516129,8
525,Medicine,0.5897177419354839,4
526,The Road Goes On Forever,0.8810483870967741,9
527,"b""Dont Waste My Time""",0.02570564516129032,5
528,From A Jack To A King,0.37247983870967744,6
529,Sachmagehtsnoch,0.7454637096774194,9
530,Love You to Pieces,0.5619959677419355,9
531,Take That!,0.8351814516129032,4
532,Telegrama,0.84375,4
533,Meteores mouvement de Chroniques de la lumier,0.594758064516129,1
534,Phrase,0.6839717741935484,3
535,Molten,0.6063508064516129,4
536,It Only Takes A Moment (Album Version),0.4808467741935484,7
537,The Daddy,0.861391129032258,1
538,Zeno Beach,0.9954637096774194,9
539,Hello Space Boy,0.4193548387096774,5
540,E. Warren,0.30493951612903225,1
541,"b""Lifes Railway To Heaven""",0.0720766129032258,7
542,I Wish I Was A Punk Rocker (With Flowers In My Hair),0.4601814516129032,1
543,Earth Born,0.30594758064516125,0
544,Sannyasin,0.7525201612903225,3
545,Dance of the Blue Devils,0.27419354838709675,1
546,Gheera Away,0.38306451612903225,6
547,My Harlem Lullaby (Album Version),0.6204637096774194,4
548,Shining,0.7721774193548386,4
549,Booty Bounce,0.20715725806451613,1
550,Little Is Much When God Is In It (South African Homecoming Album Version),0.5448588709677419,3
551,Come On Back Home,0.24647177419354838,7
552,Ring The Alarm,0.735383064516129,9
553,"b""Just Dont Give A Fuck""",0.06401209677419355,5
554,Respect This Hustle (Explicit Album Version),0.7288306451612903,9
555,Marching,0.5821572580645161,6
556,"b""You Dont Belong""",0.10987903225806452,8
557,Floating,0.35836693548387094,1
558,Midnight Jump,0.5992943548387096,1
559,Village Dance,0.9390120967741935,4
560,Meeran Sad Laeen Je Toon,0.5907258064516129,1
561,Que Suene Mi Campana,0.7121975806451613,4
562,1001 Robots,0.11693548387096774,1
563,4 In The Morning,0.125,8
564,Noche De Paz,0.640625,9
565,For My People,0.36441532258064513,5
566,Cajun Baby (LP Version),0.22278225806451613,6
567,Leaving The Docks,0.5287298387096774,0
568,Alma_ Coraz\xc3\xb3n Y Vida,0.15120967741935484,5
569,Looking For A Kiss,0.5509072580645161,9
570,"b""Baals Hymn""",0.008568548387096774,5
571,"b""St Patricks An Dro""",0.09173387096774194,5
572,Somewhere In Between,0.798891129032258,4
573,Novakane,0.6456653225806451,9
574,God In My Bed,0.390625,7
575,No Hay Manera,0.6355846774193549,4
576,Dale Darrell Waltrip Richard Petty Rusty Awesome Bill Irvin Gordon Earnhardt Smith...Johnson_ Jr. (Live),0.2726814516129032,6
577,Holli Holi Nach Kuriye,0.4329637096774193,6
578,Defend You (Album Version),0.28276209677419356,8
579,It Could Never Be You,0.4788306451612903,7
580,In My Hood (Explicit Album Version),0.47026209677419356,1
581,Big Trouble Upstairs,0.19556451612903225,1
582,Siempre,0.7782258064516129,4
583,Attic Room,0.17036290322580644,5
584,The Story Of An Artist,0.8865927419354839,3
585,"b""Electric Phase / Hot n Ready / Pack It Up n Go / Cherry / Out In The Street / Let It Roll / Too Hot To Handle""",0.02721774193548387,5
586,One Thing,0.6602822580645161,1
587,You Can Make It (Album Version),0.9838709677419355,9
588,124 Stomp,0.11794354838709677,5
589,Many Weapons Many Men,0.580141129032258,9
590,Sometimes,0.7983870967741935,4
591,Denk,0.28377016129032256,8
592,Talk Of The Town,0.8382056451612903,4
593,So Say I,0.7928427419354839,4
594,Te Vas Angel Mio,0.8417338709677419,2
595,A Movie Of A Placid Lake On A Moonless Night in September,0.13004032258064516,7
596,Ser\xc3\xa1 cuando regreses,0.765625,3
597,You Gotta Be Safe,0.9848790322580645,9
598,Hold On,0.4319556451612903,5
599,Mykel And Carli,0.623991935483871,6
600,"b""Shes Got A Brain (Leli / Zimmerman)""",0.08870967741935484,5
601,Rancho Moreno,0.7192540322580645,3
602,When Rules Change,0.9591733870967741,9
603,Glisse,0.3860887096774193,0
604,Take The Time,0.8361895161290323,9
605,Young Urbans,0.9909274193548386,4
606,Together We Stand (Album Version),0.908266129032258,4
607,Believe In What I Say,0.1880040322580645,8
608,Kan Hai De Ri Zi,0.49949596774193544,7
609,Cet Air \xc3\x89trange (Take 1 - Abbey Road Rough Mix),0.2313508064516129,5
610,Milkman_ Keep Those Bottles Quiet,0.6013104838709677,1
611,Psalm 27,0.7066532258064516,4
612,"b""I Dont Like You""",0.04032258064516129,5
613,Blow-Up (Outtake),0.2006048387096774,8
614,Watched By An Angel,0.9480846774193548,4
615,The Wedding,0.8911290322580645,3
616,Still a Fool,0.813508064516129,9
617,Glow,0.3876008064516129,5
618,Tercer Mundo,0.8467741935483871,9
619,Keep Hope Alive,0.501008064516129,8
620,"b""Ill Be Around""",0.04284274193548387,7
621,La Medalla,0.5171370967741935,8
622,Viralo Al Reves,0.9400201612903225,4
623,Carre Cutia,0.22731854838709678,7
624,Getting Old Sucks (Album Version),0.3820564516129032,1
625,Radioland,0.7167338709677419,3
626,"b""If I Couldnt Hold Back The Dawn""",0.05342741935483871,7
627,Voyage to eternal Life,0.9425403225806451,9
628,Tear It Up (LP Version),0.8422379032258064,9
629,Forget Me Knots (Bailey Remix),0.3659274193548387,8
630,Again (Instrumental),0.1411290322580645,7
631,The Benevolent Path,0.8538306451612903,9
632,Come On (Sessions@AOL Version),0.24596774193548387,7
633,Rich Girl,0.7318548387096774,9
634,The Urban Gospel,0.8886088709677419,4
635,18 De Noviembre,0.1189516129032258,6
636,See What Tomorrow Brings,0.7610887096774194,4
637,The Second One,0.8830645161290323,4
638,Laakista humppa,0.5211693548387096,8
639,"b""He Dont Care (Hes Stoned)""",0.034274193548387094,0
640,Rumour (Abstract Hip Hop Mix),0.7424395161290323,3
641,Ela Edo Kardia Mou,0.3160282258064516,5
642,Coral Fang (Album Version),0.2555443548387097,8
643,One More Time (Kennedy Center Homecoming Version),0.6587701612903225,3
644,Locked Away,0.548891129032258,3
645,La Valse De La Cour (BOF Mayerling),0.5201612903225806,3
646,Sing Me Softly of the Blues,0.7817540322580645,3
647,"b""Goin To The River""",0.031754032258064516,5
648,Splitting The Seconds,0.8084677419354839,9
649,The Sound From There,0.8855846774193548,3
650,Here We Go Again,0.422883064516129,3
651,Best In LA,0.1905241935483871,0
652,La Bruja Chafa,0.514616935483871,6
653,Shout For Joy  (Celtic Psalms Album Version),0.7736895161290323,3
654,Min Xechnas (Forse),0.6033266129032258,2
655,Judge Harsh Blues (Tk. 1),0.4939516129032258,0
656,"b""Im Glad""",0.04788306451612903,5
657,Carolyn & Barnabas,0.22681451612903225,0
658,Famous One,0.34274193548387094,5
659,One Love,0.657258064516129,3
660,Chanson Populaire,0.23336693548387097,5
661,Singing  Bowls_Saxophone & Voice,0.782258064516129,0
662,"b""Ma vie nest pas la tienne (album)""",0.07610887096774194,5
663,"Theme From ""Come September"" (LP Version)",0.8961693548387096,4
664,Ladies And Thugs,0.5216733870967741,4
665,Endless Winter,0.32157258064516125,8
666,Power Shower,0.6970766129032258,6
667,Primal Forces,0.703125,0
668,Nothing (Album Version),0.6441532258064516,9
669,Let Me Be the One,0.5362903225806451,2
670,Fucked,0.37399193548387094,6
671,Take It For Granted,0.8346774193548386,3
672,Zephyrus,0.9959677419354839,4
673,Wichita Lineman (LP Version),0.9667338709677419,2
674,The Same Man (For Matthew),0.8820564516129032,3
675,Dangerously In Love Medley,0.2752016129032258,5
676,Little Sunflower,0.5453629032258064,4
677,Elsa,0.31754032258064513,7
678,The Court,0.8608870967741935,0
679,Parallel Universe (Album Version),0.6748991935483871,9
680,Lullaby [With Ladysmith Black Mambazo] (Album Version),0.5665322580645161,3
681,Walk On The Wild Side,0.9440524193548386,3
682,Magiki Vradia,0.5751008064516129,4
683,Danny,0.2757056451612903,7
684,Army,0.1663306451612903,6
685,Mohair Locker Room Pin-Up Boys,0.6058467741935484,4
686,Firestarter,0.35282258064516125,8
687,Testify,0.8482862903225806,4
688,Kaliforn-Eye-A (Feat. Mike Muir),0.49899193548387094,8
689,Enslaved By Propaganda,0.3230846774193548,8
690,Rakkahin -Be My Love-,0.7182459677419355,2
691,Sofrimento De Quem Ama (1997 Digital Remaster),0.7943548387096774,4
692,Hi De Ho,0.4264112903225806,5
693,A Void Of Lifeless Dreams,0.13256048387096775,8
694,Make A Move On Me,0.5766129032258064,9
695,War,0.9460685483870968,4
696,This Is My Life,0.8976814516129032,4
697,Fast Eddie,0.34375,1
698,"b""Playgirls Love""",0.08266129032258064,6
699,I Will Bless Your Name,0.4586693548387097,8
700,Endless Light,0.32106854838709675,7
701,All Creatures Of Our God And King,0.1466733870967742,0
702,Hold On To Freedom,0.4314516129032258,6
703,La Maquina Del Sabor,0.516633064516129,5
704,Advice,0.1381048387096774,6
705,The Darkness (Komor Kommando Mix),0.8623991935483871,9
706,Yo Soy Abacua,0.9803427419354839,4
707,Let The Drummer Have Some,0.5372983870967741,1
708,Stars (GROWTH Ultraviolence Mix),0.8109879032258064,9
709,I Will Call Upon the Lord,0.4591733870967742,5
710,Open Arms,0.6643145161290323,4
711,Chira,0.2379032258064516,7
712,The Magic Violin,0.8734879032258064,2
713,Human Being (1972 demo),0.4415322580645161,5
714,"b""Doodlin""",0.026713709677419355,6
715,"b""Wouldnt Last a Weeg""",0.10887096774193548,6
716,Tune In,0.921875,3
717,R\xc3\xbclpsen Sie Eine Hauptstadt,0.7157258064516129,2
718,Hermitage,0.42389112903225806,0
719,All Hands On Deck part 2: Open Water [Album Version],0.14768145161290322,5
720,Untitled,0.9314516129032258,2
721,Stampede,0.8094758064516129,9
722,The Climb/Paranoia,0.859375,9
723,Nostalgia,0.6436491935483871,2
724,Collide,0.2439516129032258,7
725,"b""Tre sonetti di Petrarca: III. I vidi in terra angelici costumi - sonnet 156""",0.09879032258064516,0
726,Over The River,0.6698588709677419,3
727,Stop!,0.8155241935483871,3
728,Everyday,0.3341733870967742,7
729,Creep Live Version,0.2615927419354839,0
730,Too Far From The Tree,0.9087701612903225,2
731,11th Street,0.11743951612903225,6
732,It Takes A Village (To Raise A Nut) (Live),0.4813508064516129,5
733,Dance Of Romance,0.27368951612903225,5
734,Amour noir N 7,0.15423387096774194,7
735,"b""Babys Got A Habit""",0.009576612903225807,5
736,Need,0.6275201612903225,4
737,deine liebe,0.9989919354838709,9
738,Goody Goody,0.39818548387096775,0
739,Money Blues,0.6088709677419355,3
740,Sou Vazo Diskola,0.8019153225806451,2
741,"b""Baby_ Its Gonna Cost You""",0.010080645161290322,6
742,Karma,0.5,5
743,"b""100 Club 1996 We Love You Beatles - Live""",0.0015120967741935483,1
744,"b""Petes Crusade""",0.08165322580645161,1
745,This Is A Stick Up,0.8971774193548386,4
746,To Pouli,0.905241935483871,4
747,Vankina vapauden,0.9369959677419355,4
748,Emerald,0.3180443548387097,1
749,Yo Quiero Contigo,0.9798387096774194,4
750,Heartbreaker,0.4168346774193548,1
751,Black Connect 3,0.19858870967741934,8
752,"b""Lidole des femmes""",0.06854838709677419,5
753,Dio Nisia,0.2913306451612903,5
754,The Way Of Love (West Coast Diaries Vol. 1 Album Version),0.889616935483871,9
755,La Rosa,0.5191532258064516,4
756,Lift Jesus Up,0.5388104838709677,9
757,"b""Lifes Blood""",0.07157258064516128,8
758,All Or Nothing  (Wonderful World Album Version),0.14868951612903225,7
759,Slow And Low,0.7883064516129032,1
760,Jubilation T. Cornpone,0.49344758064516125,6
761,Kicking And Screaming,0.5035282258064516,8
762,End Of The Beginning,0.32056451612903225,5
763,"b""Lookin for My Baby""",0.07308467741935484,5
764,The Harbour,0.8684475806451613,3
765,Terraplane Blues,0.8472782258064516,2
766,Toda Mi Vida,0.9067540322580645,4
767,Los Tres Glopes / The Three Beats (danza),0.5524193548387096,0
768,Explode,0.3382056451612903,5
769,Fields Of Athenry,0.3503024193548387,7
770,New Love,0.6305443548387096,1
771,Tango,0.8397177419354839,3
772,Anything For My Baby,0.1617943548387097,5
773,Hindsight,0.4279233870967742,8
774,"b""Im Your Money (12 Extended Version) (2006 Digital Remaster)""",0.05141129032258064,5
775,I See The Light (2002 Digital Remaster),0.45463709677419356,7
776,Com Una Flama,0.2444556451612903,1
777,When It Stings,0.9586693548387096,9
778,Lovely Day,0.5640120967741935,9
779,Red Barchetta (feat. James LaBrie_ James Murphey_ Sean Malone_ Sean Reinert & David Townson),0.7222782258064516,9
780,Down South Blues,0.3014112903225806,0
781,"b""Doin It""",0.01965725806451613,6
782,All For The Sake Of The Song,0.14717741935483872,7
783,Apagon,0.16280241935483872,5
784,Looking In Your Eyes,0.5514112903225806,9
785,The Law Gonna Step On You (1931),0.8714717741935484,2
786,Bitches For Breakfast,0.1975806451612903,5
787,Rude Bwoy Love (feat. Dj Fly_ Dj Traxx_ T.Williams),0.7414314516129032,4
788,Des V\xc3\xb4tres,0.2847782258064516,5
789,Chiove,0.2373991935483871,0
790,Crazy,0.2600806451612903,5
791,It Came Upon A Midnight Clear,0.4783266129032258,7
792,Up on the House Top,0.9329637096774194,2
793,Speechless,0.8064516129032258,4
794,Merry-Go-Round,0.59375,0
795,Dos Mujeres,0.29939516129032256,7
796,So Far So Bad So What?,0.7903225806451613,9
797,Upon This Rock (Fire And Ice Version),0.9334677419354839,9
798,Momentum,0.6073588709677419,4
799,Sincerely_,0.78125,0
800,Hydraulic Pimp,0.44556451612903225,1
801,Fifi,0.3508064516129032,5
802,Je Suis Une Cigarette,0.48689516129032256,2
803,When I Think About Love,0.9581653225806451,2
804,Lost,0.5549395161290323,1
805,Listen,0.5433467741935484,1
806,Nieve,0.6340725806451613,3
807,6th Chakra: Keynote A - Chakra Suite (Solo Electric Piano Plus Synths),0.12903225806451613,7
808,Put Down Your Weapons,0.7081653225806451,4
809,Una dolce melodia,0.9289314516129032,4
810,Te Necesito,0.8402217741935484,3
811,Les D\xc3\xa9penaill\xc3\xa9s,0.5307459677419355,3
812,Love Me,0.5604838709677419,9
813,"b""Heut Nacht""",0.03629032258064516,7
814,Diamond Eyes (Album Version),0.2883064516129032,6
815,The Witching Hour,0.892641129032258,4
816,Leather Prowler,0.5277217741935484,9
817,"b""LAmour Existe Encore""",0.06602822580645161,7
818,Underarms,0.9304435483870968,4
819,Accept Me,0.1345766129032258,7
820,Palavras,0.671875,3
821,Me Duele,0.5877016129032258,4
822,Nothing To Hold Me,0.6446572580645161,4
823,"b""Ricks Cafe""",0.08518145161290322,7
824,"Piano Sonata No. 29 in B flat major Op. 106  ""Hammerklavier"" (2005 Digital Remaster): II.     Scherzo (Assai vivace) - Presto",0.6849798387096774,0
825,For All We Know,0.3629032258064516,1
826,Coma,0.24495967741935484,1
827,Life,0.5383064516129032,3
828,No Such Thing As Control (Album Version),0.6386088709677419,9
829,Focus,0.36088709677419356,8
830,My Baby (Feat. Kanye West),0.6199596774193549,4
831,2 + 2 = 5,0.11995967741935483,6
832,The Flight of the serpentarius,0.8649193548387096,0
833,Another Lover,0.16028225806451613,8
834,The Last Man On Earth,0.8704637096774194,3
835,Fear The Sea,0.34526209677419356,5
836,Beni Aglatma,0.18951612903225806,5
837,Ride Out Dip,0.733366935483871,4
838,Free,0.3694556451612903,5
839,Malice,0.5776209677419355,8
840,Arco Arena,0.16481854838709678,7
841,"b""It Aint No Use""",0.05594758064516129,5
842,Red Gun,0.7232862903225806,4
843,Tuck That Sh*t,0.9213709677419355,4
844,"b""Why Dont You Do Right (Album Version)""",0.10685483870967742,7
845,I Want You,0.4571572580645161,1
846,Le Droit Des P\xc3\xa8res (Live Electrique),0.5262096774193549,3
847,Roses,0.7399193548387096,9
848,The Cool (Amended Album Version),0.860383064516129,9
849,Long Way From Home,0.5498991935483871,9
850,My Love,0.6214717741935484,3
851,"b""Chanson DAmour""",0.015625,5
852,"b""Words- Till the mornin comes Mix""",0.10786290322580645,5
853,Reefer Head Woman,0.7242943548387096,3
854,Having A Little Talk With Jesus,0.41381048387096775,5
855,Coffee Blues,0.24294354838709678,5
856,Kuolema Tekee Taiteilijan,0.5110887096774194,3
857,Bside,0.21421370967741934,1
858,The Power Of,0.8790322580645161,9
859,Good Morning Captain,0.3961693548387097,6
860,No Love To Give (LP Version),0.6365927419354839,3
861,"b""Aint She Sweet""",0.003528225806451613,6
862,Human Being,0.4420362903225806,6
863,Jumke,0.4954637096774193,1
864,Festival Of Holi,0.3492943548387097,1
865,Please Love Me,0.6920362903225806,6
866,Twist Y Gritos (Twist & Shout),0.9259072580645161,9
867,Immigrant Song (Album Version),0.46875,8
868,Under The Weather,0.9299395161290323,3
869,Free (lp),0.3689516129032258,1
870,Say Goodbye,0.7560483870967741,3
871,Fleur De Paris,0.35735887096774194,6
872,90er,0.12953629032258066,8
873,Jahuu_ Gandiva laulaa!,0.485383064516129,8
874,Itinerario,0.4838709677419355,3
875,After All The Love Is Gone,0.13911290322580644,5
876,Music And Politics,0.6179435483870968,0
877,M\xc3\xa1s Y M\xc3\xa1s,0.5690524193548387,3
878,Stephanie Says,0.8125,3
879,"b""The Lords Prayer""",0.09576612903225806,7
880,Raw Power,0.7202620967741935,9
881,Sangria (Nomadbrothers Remix feat. Rio),0.7515120967741935,4
882,"b""Im Chillin""",0.047379032258064516,1
883,One Moment With You,0.6577620967741935,3
884,Nuestras Sevillanas 1,0.6466733870967741,2
885,Come Dance With Me,0.24546370967741934,5
886,Strip The Soul (album version),0.8180443548387096,4
887,La Blessure,0.5136088709677419,3
888,Te Quiero Mas,0.8412298387096774,1
889,Head Banger,0.41532258064516125,8
890,Alla Mot Alla,0.1507056451612903,7
891,Every You Every Me (Infected By The Scourge Of The Earth),0.3326612903225806,5
892,"b""Fly Talkin""",0.029233870967741934,8
893,Wives ( LP Version ),0.9712701612903225,4
894,Indo,0.47177419354838707,1
895,Losing track,0.5534274193548387,5
896,Celluloid Heroes,0.22983870967741934,5
897,Credits,0.2610887096774194,8
898,Bed Of Roses,0.18699596774193547,5
899,You\x19ll Rue The Day,0.9904233870967741,0
900,Bonita,0.20514112903225806,7
901,First Day (Album version),0.3538306451612903,5
902,Jole Brun,0.4914314516129032,1
903,East Bay Bounce,0.3069556451612903,5
904,One Night Alone,0.6592741935483871,3
905,Forever,0.3654233870967742,5
906,Teska (Teska),0.8477822580645161,4
907,All The Way,0.14969758064516128,7
908,Why,0.9662298387096774,0
909,Infant Dreams,0.4727822580645161,0
910,Everyday Struggle (Bonus),0.3336693548387097,8
911,Soda Pop,0.7938508064516129,9
912,You Were There,0.9899193548387096,3
913,\xc2\xa1Hola_ Peque\xc3\xb1o Ser!,0.9979838709677419,4
914,Un Minuto Contigo (One Moment),0.9284274193548386,2
915,It Must Be Everywhere (Complete Version),0.4803427419354839,4
916,Tennessee Central Number Nine,0.8462701612903225,3
917,Mon Legionnaire,0.6078629032258064,0
918,Kissing Game,0.5070564516129032,1
919,"b""Everybodys Someone (Gateway Mix)""",0.027721774193548387,7
920,"b""Dont Stop""",0.024193548387096774,1
921,BOOM!!!,0.17338709677419353,8
922,Other Side of You,0.6663306451612903,9
923,Brooklyn On A Saturday Night,0.2132056451612903,7
924,Le Bug (Live 2005),0.5257056451612903,9
925,"b""Lost in Marrakesh with Entropik (Pathaans Mirage Mix)""",0.07358870967741936,5
926,Estimate,0.3276209677419355,1
927,Volvere,0.9415322580645161,3
928,El Gato Confite,0.3130040322580645,7
929,Love & Understanding,0.5564516129032258,4
930,"b""Were Not Gonna Bow""",0.10282258064516128,5
931,He Was Here,0.41481854838709675,7
932,In Hell (Album Version),0.4692540322580645,8
933,The last havoc,0.8951612903225806,9
934,"b""Ralphs Rhapsody""",0.08417338709677419,7
935,Up Jumped The Devil - Live,0.9324596774193548,9
936,Cry Of My Heart,0.2651209677419355,7
937,Va Por Usted,0.9349798387096774,9
938,We Are The Ones (Lounge Version),0.9506048387096774,4
939,Stand By Me,0.8104838709677419,9
940,"b""Mefistofele/Spunta... laurora pallida...""",0.07711693548387097,0
941,High On the Mountain,0.4274193548387097,7
942,Beauty Supply And Demand,0.18598790322580644,8
943,Signs Can Hear All,0.7787298387096774,3
944,Falling Apart,0.34173387096774194,0
945,Deep Blue,0.282258064516129,0
946,Superstar (feat. J-Noxx),0.8261088709677419,9
947,Cycle Time,0.27066532258064513,8
948,New Milk Cow Blues,0.6315524193548387,0
949,I Will Turn Your Money Green (Take 1),0.4596774193548387,0
950,L.S.M.,0.5126008064516129,8
951,Baila Cari\xc3\xb1o,0.17943548387096775,5
952,Genius Of Love 2002 (featuring Tom Tom Club & Biz Markie),0.3795362903225806,1
953,Is It Love,0.47631048387096775,7
954,To Sir With Love,0.9057459677419355,4
955,Llorando Por Amor,0.5473790322580645,3
956,Sauer,0.7550403225806451,4
957,"b""Hearts Grown Cold (LP Version)""",0.03578629032258064,5
958,Transmission (Album Version),0.9138104838709677,9
959,It Gwine Dreada,0.4793346774193548,3
960,Marrakech,0.5846774193548387,3
961,Mua rakastan,0.6164314516129032,9
962,Hurry Up And Come,0.4445564516129032,5
963,Sunday In Marin,0.8235887096774194,4
964,"b""When Theres A Will_ Theres A Way""",0.10584677419354839,5
965,Da Da Da Da,0.2721774193548387,8
966,Quan Tou Tang,0.7111895161290323,3
967,TU MIRADA,0.8321572580645161,3
968,Cierra Los Ojos Y Juntos Recordemos - Original,0.2404233870967742,7
969,Destroy Everything (Album Version),0.2872983870967742,8
970,"b""Love Is Gone (Eddie Thoneicks Liberte Mix)""",0.07459677419354839,6
971,Hired Security,0.4289314516129032,1
972,The Gre(A)t Depression,0.8679435483870968,9
973,Slipping Away/Here Is Kazmeyer,0.7878024193548386,3
974,See You in the Morning,0.7615927419354839,4
975,Comfort Creek,0.2469758064516129,7
976,The Unidentified Flying Object,0.8881048387096774,9
977,The Carnival  feat. Japjit Kaur,0.8563508064516129,9
978,Keep Walking,0.502016129032258,5
979,4 Words (To Choke Upon),0.12600806451612903,8
980,Xenophobic Hate Machine,0.9753024193548386,9
981,Feverish,0.3497983870967742,8
982,Syrup Sipping (Banner Beat Break),0.8316532258064516,4
983,COLD MORNING,0.22076612903225806,5
984,Is It Wrong,0.47681451612903225,3
985,learn (Album Version),0.9994959677419355,4
986,"b""Party Favours (Dee Dees Flukey Remix)""",0.08064516129032258,1
987,Parabolics Studies 6,0.673891129032258,9
988,Sudenkorento -Life On Mars-,0.8205645161290323,3
989,Man No Sober (LP Version),0.579133064516129,1
990,Fear Factor (Shiny Happy Jihad),0.344758064516129,1
991,Inti Guauqui,0.4742943548387097,0
992,Show Some Love Where Is The Love feat. MackaB,0.7746975806451613,4
993,Dancing With Tears In My Eyes 2004 (Nova Mix (Club Version)),0.2746975806451613,6
994,Like I Never Loved Before,0.5413306451612903,3
995,"b""I Dont Love You Anymore""",0.040826612903225805,5
996,Dying Under A Binary Star,0.30443548387096775,8
997,Brivdiena,0.21169354838709678,7
998,Titan,0.9042338709677419,9
999,Please Come Out Tonight,0.6910282258064516,3
1000,LOVESICK - Obsession in \xc2\xbe Time,0.5131048387096774,3
1001,Carita De Rosa,0.22580645161290322,5
1002,Wake Up Call (Album Version),0.9435483870967741,9
1003,The Object Of My Affection,0.8765120967741935,2
1004,Big World,0.19606854838709678,5
1005,All Alone (Live),0.14566532258064516,8
1006,"b""World Comes Tumblin Down""",0.10836693548387097,8
1007,Jesus Is the Lord,0.4884072580645161,1
1008,Pobre diabla (Directo 09),0.6935483870967741,4
1009,Llegaste T\xc3\xba,0.546875,9
1010,Where Are You?,0.9606854838709677,3
1011,Zambele (1997 Digital Remaster),0.9939516129032258,4
1012,Lay All Your Love On Me (LP Version),0.5252016129032258,1
1013,Ella Speed,0.3170362903225806,6
1014,The way to Peace,0.8956653225806451,4
1015,Chatma,0.2348790322580645,5
1016,How It Begins,0.44002016129032256,8
1017,"b""I Dont Wanna be a War Hero""",0.041834677419354836,8
1018,True Love,0.9173387096774194,4
1019,Ma Pr\xc3\xa9f\xc3\xa9rence (Live),0.5705645161290323,4
1020,Automatic,0.171875,6
1021,Nocturne For Piano No. 5 In B Flat Major_ Op. 37,0.6411290322580645,0
1022,We Got What You Want,0.9526209677419355,4
1023,Introitus: Requiem: Dies Irae,0.4758064516129032,2
1024,"b""Christmas Wont be the Same Without Johnny""",0.016129032258064516,7
1025,"b""Youre My First Lady""",0.11290322580645161,7
1026,Bestio Tergum Degero Pt. 3,0.1910282258064516,1
1027,Kick_ Push II (Album Version),0.5030241935483871,9
1028,Hold On,0.4319556451612903,5
1029,Snapshot Samurai,0.7898185483870968,9
1030,American Girl,0.1532258064516129,5
1031,Shake That Thang,0.7686491935483871,9
1032,50_000 Miles Beneath My Brain (Live),0.1280241935483871,5
1033,Mirame A La Cara (Version Salsa),0.6043346774193549,4
1034,Lappi Pt IV Eti\xc3\xa4inen,0.5226814516129032,3
1035,22 Going On 23,0.1219758064516129,8
1036,Liian v\xc3\xa4h\xc3\xa4n aikaa,0.5398185483870968,3
1037,DJs Are The New Rockstars-Live Mashup Mix 7,0.2711693548387097,8
1038,Estoy Aqu\xc3\xad,0.328125,8
1039,Baby Mama,0.17590725806451613,1
1040,Stainless Steel Gamelan,0.8089717741935484,2
1041,Private Dancer,0.704133064516129,9
1042,Michael Nobody aka Poetic Death,0.5982862903225806,9
1043,Red Castle,0.7227822580645161,4
1044,Brown Eyed Girl,0.21370967741935484,5
1045,Raindrops Keep Falling On My Head,0.717741935483871,3
1046,Live Then Lay,0.5463709677419355,4
1047,Turn Yourn Radio On,0.9248991935483871,4
1048,Marvel Hill,0.5856854838709677,4
1049,Mi Vida Se Pinto De Gris,0.5977822580645161,6
1050,So Long (Originally Performed by Abba),0.7908266129032258,9
1051,Start Me Up,0.811491935483871,9
1052,Lucky Fellow - Original,0.5655241935483871,1
1053,"b""Cest pour vous que je chante""",0.013608870967741936,5
1054,Serenata,0.766633064516129,4
1055,Got The Blues,0.39919354838709675,0
1056,Donnez-nous des jardins,0.297883064516129,7
1057,Mr. Crump,0.6149193548387096,6
1058,Love Is What We Make It,0.5589717741935484,3
1059,New Round And Round,0.6325604838709677,1
1060,"b""Lets Get High (Yves Larock Radio Edit w Rap)""",0.07006048387096774,5
1061,Chicago Bound Blues,0.23689516129032256,0
1062,Falling Stars,0.34223790322580644,1
1063,The Lakes Of Pontchartrain,0.8699596774193548,3
1064,Fly Away (Instrumental),0.3598790322580645,1
1065,Psalm 27,0.7066532258064516,4
1066,Papa Legba (2005 Digital Remaster),0.672883064516129,9
1067,Liquid Mercury,0.5428427419354839,4
1068,Herz an herz (Live Version),0.42439516129032256,8
1069,I Know Where I Am Now,0.4526209677419355,7
1070,Badrock City,0.17842741935483872,1
1071,"b""Waitin For The Wind""",0.10181451612903225,7
1072,Suburban Living,0.8200604838709677,9
1073,Gloria (In The Name Of Love Album Version),0.3865927419354839,5
1074,Gangsta Lean (Gangstapella),0.37802419354838707,0
1075,Another Day Another Night,0.15877016129032256,8
1076,Blues All Around My Bed,0.20262096774193547,6
1077,Paper Thin,0.6733870967741935,3
1078,Man Smart Woman Smarter,0.5796370967741935,9
1079,The Preacher,0.8800403225806451,4
1080,Principe Nino,0.7036290322580645,2
1081,Shen Lai,0.7706653225806451,4
1082,Two of a Kind,0.9264112903225806,9
1083,Cafe deClouet,0.2222782258064516,0
1084,"b""Carolans Concerto""",0.015120967741935484,7
1085,Bro. Bill  (LP Version),0.21219758064516128,6
1086,Pokrusa,0.6955645161290323,4
1087,"b""Dont Mess With the IRS""",0.023185483870967742,5
1088,Loud & Clear (featuring Defari_ King T & Butch Cassidy),0.5554435483870968,4
1089,"b""Two of a Kind_ Workin on a Full House""",0.09979838709677419,7
1090,Pedazo De Idiota,0.6784274193548387,2
1091,"b""LArdechoise Aux Cheveux Blanc""",0.06653225806451613,7
1092,Freaxxx,0.36844758064516125,5
1093,Writes Of Winter,0.9747983870967741,9
1094,Wo Ai Ni_ Zai Jian!,0.9717741935483871,3
1095,Stop The World,0.8150201612903225,9
1096,You Are Everything,0.9823588709677419,4
1097,A Piece Of My Heart,0.1305443548387097,8
1098,Mi Gitana (feat. The Dey),0.5967741935483871,9
1099,Love Island (LP Version),0.5594758064516129,3
1100,Hold On (Album Version),0.43094758064516125,5
1101,"b""Baby Please Dont""",0.00907258064516129,6
1102,"b""Things I Dont Understand""",0.0967741935483871,5
1103,Pictures To Prove It,0.6859879032258064,9
1104,Nostalgia for Infinity,0.6431451612903225,3
1105,"b""I Cant Rest""",0.03780241935483871,5
1106,Ballroom Floor,0.1814516129032258,5
1107,Mom,0.6068548387096774,2
1108,Goodnight Irene,0.3976814516129032,6
1109,Touch Your Button Carnival Jam,0.9112903225806451,4
1110,Music In Dreamland,0.6189516129032258,4
1111,Ole Con Ole,0.6527217741935484,2
1112,Origins And Endings,0.6658266129032258,9
1113,Make It Last,0.577116935483871,6
1114,CrossBreed,0.2626008064516129,8
1115,"b""Im Blue (LP Version)""",0.046875,7
1116,Neon Psychedelia,0.6280241935483871,9
1117,Q Loop,0.7096774193548387,1
1118,Sinc\xc3\xa9rit\xc3\xa9 (feat. Ludo),0.7807459677419355,4
1119,Your Revolution Is A Joke,0.9924395161290323,3
1120,We Three Kings,0.9536290322580645,3
1121,Plaisance-Fox,0.688508064516129,2
1122,Sleepy Man Blues,0.7872983870967741,2
1123,I Go to the Rock,0.4506048387096774,6
1124,"b""Its Personal""",0.06048387096774194,7
1125,The End. [Live In Mexico],0.8639112903225806,9
1126,El Gatito,0.3125,8
1127,Oh ! Tannenbaum,0.6512096774193549,2
1128,Superman,0.8251008064516129,9
1129,The Original Colossal Drag Rag,0.8775201612903225,9
1130,As Nice As I Can Be,0.16784274193548387,5
1131,The People You Care For,0.8780241935483871,3
1132,Abu-Pia,0.13407258064516128,5
1133,We Made It [Instrumental],0.953125,4
1134,Lost In Translation,0.5539314516129032,4
1135,I Wanna Sing (Autobiography Album Version),0.45614919354838707,7
1136,Cunoasterea Tacuta,0.26864919354838707,6
1137,Manzenera,0.5806451612903225,9
1138,Restless Spirits (World),0.7298387096774194,0
1139,Ett Norrskensd\xc3\xa5d,0.33014112903225806,8
1140,Les Tous Petits Details,0.5337701612903226,9
1141,Downtown (Album Version),0.30191532258064513,6
1142,La Blonde de P\xc3\xa9kin,0.5141129032258064,3
1143,Dinosaur Bones,0.2908266129032258,8
1144,Hard Not 2 Kill (Explicit),0.40927419354838707,8
1145,Nobody But Me - Original,0.6401209677419355,1
1146,Bliv Du Till Gran (If You Became A Spruce),0.2001008064516129,5
1147,Damn those eyes,0.27318548387096775,5
1148,Enchanted Garden,0.3195564516129032,5
1149,Lawyer Clark Blues,0.5246975806451613,2
1150,Final Straw (Album Version),0.35131048387096775,7
1151,Skin Ticket (Live version) (Album Version),0.7837701612903225,9
1152,"b""Youve Got A Friend""",0.11391129032258064,7
1153,Jesus Is Gonna Make Up My Dying Bed,0.4879032258064516,0
1154,Oops!...I Did It Again,0.6638104838709677,4
1155,If Today Was Your Last Day (Album Version),0.4657258064516129,5
1156,Half As Much,0.40776209677419356,7
1157,Outubro,0.6678427419354839,3
1158,Little Things,0.545866935483871,4
1159,Love In Time,0.5584677419354839,3
1160,Harmonia,0.41129032258064513,1
1161,Murphy Lee,0.6174395161290323,4
1162,"b""Lets Wrap Up""",0.07106854838709677,1
1163,"b""Dont Be Deceived""",0.02066532258064516,5
1164,The End Is Near (LP Version),0.8634072580645161,9
1165,Oversleeping,0.670866935483871,9
1166,Pass Me Not (LP Version),0.6754032258064516,2
1167,Josephine,0.49243951612903225,6
1168,Alfil_ Ella No Cambia Nada,0.1441532258064516,8
1169,Eeshwar,0.3094758064516129,5
1170,Addison Faceplant,0.13608870967741934,1
1171,From Now Until Then,0.37348790322580644,5
1172,The Door,0.8629032258064516,2
1173,Un Gran Vacio,0.9279233870967741,4
1174,Murder In The Graveyard,0.6169354838709677,9
1175,Yo Yo Man (Garter Belt),0.9808467741935484,4
1176,Remember (The Beauty Of Simplicity Album Version),0.7258064516129032,3
1177,On The Wing,0.6547379032258064,4
1178,Pills (Dub) (Dub),0.686491935483871,4
1179,Hot Wire [Live Version],0.4375,8
1180,Big Girl Blues,0.19506048387096775,7
1181,North American Ballads: No. 2 - Which Side Are You On?,0.642641129032258,0
1182,Flute,0.3588709677419355,7
1183,"b""Trio in G minor for piano_ violin_ and cello Op. 17: Andante""",0.09929435483870967,0
1184,Turn It Around,0.9233870967741935,4
1185,I Get My Paper,0.4501008064516129,8
1186,The New Girl,0.876008064516129,0
1187,Please Jesus_ Send Me Someone To Fuck,0.6915322580645161,4
1188,All I Really Want,0.14818548387096775,5
1189,Tracy,0.9122983870967741,2
1190,"b""Savin Me""",0.0877016129032258,5
1191,"b""Aint Gone N Give Up On Love""",0.0030241935483870967,7
1192,Too Many Choices,0.9097782258064516,4
1193,Still,0.8140120967741935,4
1194,It Took A Good Woman [Edited Demo],0.4818548387096774,2
1195,House Of Pain,0.43901209677419356,8
1196,Locaccmaccam,0.5483870967741935,2
1197,Sense,0.7641129032258064,0
1198,Vacation Rain (Album),0.9354838709677419,4
1199,All Time Low (Album Version),0.1502016129032258,8
1200,Stick Out,0.8130040322580645,9
1201,"b""Youll Never Find""",0.11189516129032258,8
1202,Byal ravnec,0.21824596774193547,7
1203,Harmony Of The Forest,0.4117943548387097,0
1204,2 Late 4 Goodbyes,0.12096774193548387,5
1205,Hundre \xc3\x85r Gammal,0.4430443548387097,5
1206,"b""Slut [Live at Lafayettes Music Room_ Memphis_ TN_ January 1973]""",0.09022177419354839,5
1207,"b""Im On Your Tail""",0.049899193548387094,5
1208,Ask The Angels,0.1688508064516129,5
1209,Jiggle Once And Wait (Album Version),0.48941532258064513,1
1210,The Child Deirdre,0.8578629032258064,3
1211,Cad\xc3\xaa O Meu Amor,0.2217741935483871,5
1212,Desire,0.2857862903225806,7
1213,Turkey And Dressin,0.922883064516129,9
1214,Clear Channels,0.24243951612903225,1
1215,"b""Hang m High""",0.03276209677419355,7
1216,Cintura Fina,0.2409274193548387,5
1217,New Meaning,0.6310483870967741,6
1218,Tis Monaxias Ta Monopatia,0.9037298387096774,3
1219,Ocean Size [Demo],0.6491935483870968,3
1220,Misty Bog,0.6053427419354839,3
1221,Little Bird,0.5438508064516129,9
1222,Love_ Peace and Harmony,0.5630040322580645,6
1223,Roll Old Jeremiah,0.7394153225806451,3
1224,Suti-suti,0.827116935483871,9
1225,Con un poquitito de suerte,0.2505040322580645,5
1226,Karola,0.5005040322580645,1
1227,Gum,0.4057459677419355,5
1228,Hop_ Skip & Jump,0.4349798387096774,5
1229,Bring It On,0.21118951612903225,8
1230,Anatomy of a Contest,0.15524193548387097,6
1231,Yueh Kuang,0.9934475806451613,3
1232,Woman,0.9727822580645161,4
1233,Shirley,0.7726814516129032,9
1234,Secret Lovers (Featuring Mica Paris),0.7595766129032258,4
1235,Problems,0.7046370967741935,9
1236,Proletariat,0.705141129032258,9
1237,Pipopapo Telpathy,0.6875,9
1238,"b""Im A Chicken Head (Skit)""",0.04586693548387097,1
1239,Rules of Attraction (Chris Cox),0.7419354838709677,9
1240,Knucklebuster,0.5085685483870968,3
1241,Once,0.6557459677419355,2
1242,Go On,0.38911290322580644,1
1243,Crackbabies,0.25806451612903225,8
1244,"b""How Y All Doin""",0.03679435483870968,1
1245,Fear of Girls (Live in Croatia_ 1993),0.34576612903225806,6
1246,Hold Up My Heart,0.4324596774193548,3
1247,See The Light,0.7605846774193549,9
1248,Ciudad desierta,0.24143145161290322,5
1249,Mesmerized,0.5942540322580645,9
1250,Eoarchaean,0.3240927419354839,8
1251,I Do (Chris The Greek Remix),0.4495967741935484,8
1252,Somebody Has Stolen My Girl,0.7973790322580645,4
1253,Directions to my special place,0.2918346774193548,1
1254,A Sailboat In The Moonlight,0.1310483870967742,7
1255,Ho Capito Che Ti Amo,0.43044354838709675,7
1256,Situations,0.783266129032258,4
1257,Over the Rainbow,0.6703629032258064,9
1258,The Moon Was Yellow,0.875,3
1259,Boda de Oro,0.20413306451612903,7
1260,Call Me,0.22328629032258063,5
1261,Down (LP Version),0.29989919354838707,8
1262,"Suite No. 4 in G major_ Op. 61_ ""Mozartiana"": IV. Variation 5 \x14",0.8220766129032258,0
1263,Pray (Album Version),0.6980846774193549,9
1264,Back Then,0.1774193548387097,5
1265,Hardcore From The Underland,0.4107862903225806,8
1266,Menu Lagan Lagi,0.592741935483871,4
1267,Flying Fiddles (1996 Digital Remaster),0.360383064516129,6
1268,Remote Control,0.7268145161290323,4
1269,Lo Decidio,0.547883064516129,2
1270,Judgement Begins With The House Of God,0.4944556451612903,2
1271,Bonjour,0.20564516129032256,0
1272,Guns And The Young,0.4067540322580645,8
1273,Me quedo sin ti,0.5887096774193549,5
1274,Here We Are,0.4223790322580645,7
1275,Jesus Loves Me (Now More Than Ever),0.4889112903225806,3
1276,For All We Know,0.3629032258064516,7
1277,Leski\xc3\xa4idin tytt\xc3\xa4ret,0.5342741935483871,3
1278,Marbles,0.5811491935483871,6
1279,Game Night (Album Version),0.37651209677419356,1
1280,Rock Steady,0.7379032258064516,9
1281,"b""Knowing Youll Be There""",0.0655241935483871,7
1282,So(u)l Invictus,0.7933467741935484,9
1283,Turn Your Eyes Upon Jesus,0.9243951612903225,2
1284,Har vi r\xc3\xa5d att i dagens l\xc3\xa4ge ha kvar v\xc3\xa5ra v\xc3\xa4nner i socialgrupp 3?,0.40877016129032256,1
1285,"b""Fat Alberts Car""",0.028729838709677418,6
1286,Cielito lindo,0.23991935483870966,7
1287,Il fait d\xc3\xa9j\xc3\xa0 (Live),0.46723790322580644,0
1288,Zearocks (LP Version),0.9949596774193548,4
1289,The Four Big Ones (Essential Authors And Works),0.8654233870967741,4
1290,You Were The One (Wide Wide World Album Version),0.9894153225806451,4
1291,Le syst\xc3\xa8me solaire,0.5272177419354839,6
1292,MY HERIONE (Acoustic Version),0.5685483870967741,3
1293,Put On Your Rubbers,0.7086693548387096,9
1294,Scrap,0.7575604838709677,2
1295,"b""I Wont Lie""",0.04233870967741935,7
1296,Quiero Ser Tu Sue\xc3\xb1o,0.7147177419354839,4
1297,Becoming (LP Version),0.18649193548387097,7
1298,Milkcow Blues (Album Version),0.6008064516129032,3
1299,La polka des grenouilles,0.5206653225806451,6
1300,Sample Track 14,0.7505040322580645,3
1301,Feelin` Alone,0.34677419354838707,5
1302,"b""Dont Be Afraid (World)""",0.020161290322580645,7
1303,Talking To Trees,0.8392137096774194,3
1304,Minner,0.6038306451612903,3
1305,Morning Bird,0.6123991935483871,3
1306,30 Grad,0.12449596774193548,1
1307,"b""Janies Got A Gun""",0.06300403225806452,5
1308,Just Like Darts,0.4974798387096774,6
1309,Espoirs Perdus (Valse),0.32711693548387094,6
1310,Release,0.7253024193548386,4
1311,Fair Enough (LP Version),0.3402217741935484,5
1312,I hit You Wit The Pepper,0.46219758064516125,5
1313,Where You Belong,0.9621975806451613,3
1314,Lost Love,0.5544354838709677,3
1315,When Your Ready,0.9596774193548386,4
1316,Les Deux Guitares,0.53125,2
1317,American Lovebite,0.1537298387096774,5
1318,Imaginary Love,0.4682459677419355,0
1319,The Song of the Riddles,0.8850806451612903,2
1320,Kun rakastaa,0.5105846774193549,5
1321,"b""An Magapas""",0.006048387096774193,5
1322,Que Si_ Que No,0.7116935483870968,9
1323,"b""I Dont Wanna be A Star""",0.04133064516129032,5
1324,"b""I Dont Like It Like This""",0.039818548387096774,7
1325,"b""Side Steppin""",0.08971774193548387,5
1326,Facedown,0.3397177419354839,7
1327,She Will Be Loved,0.7701612903225806,4
1328,I Believe In You (More Than A Story Album Version),0.4470766129032258,5
1329,Valkyria,0.936491935483871,9
1330,Hard To Concentrate (Album Version),0.4102822580645161,7
1331,"b""Nothings The Same (2002 Digital Remaster)""",0.07963709677419355,7
1332,"b""Im A Tomorrow""",0.046370967741935484,8
1333,Senegal Son,0.7636088709677419,4
1334,Guantanamera,0.40524193548387094,1
1335,"b""Spelling Beatnuts with Lil Donny""",0.09122983870967742,8
1336,Ballad Of The Boll Weevil (Remastered Version) (Take 10),0.18094758064516128,0
1337,Polyester,0.6965725806451613,3
1338,Breaking In,0.21018145161290322,6
1339,Tha Day,0.8487903225806451,3
1340,"b""WhatCha Gonna Do About It""",0.10383064516129031,5
1341,We Bite,0.9516129032258064,9
1342,These Days,0.8966733870967741,3
1343,Doomed To Walk The Earth,0.29889112903225806,7
1344,"b""Pollys Dress""",0.08366935483870967,0
1345,The Dark Road,0.8618951612903225,3
1346,Objection (Tango),0.6476814516129032,9
1347,Vida De Mi Vida,0.938508064516129,4
1348,"b""Love Dont Love Me (Justin Timberlake) (Amended Version)""",0.07409274193548387,5
1349,"b""Jam-Master Jammin""",0.0625,1
1350,I got A Woman,0.46169354838709675,0
1351,We Blame Love,0.952116935483871,9
1352,The Carrying Arms,0.8568548387096774,2
1353,Medley: Safe To The Rock / Hiding In Thee,0.5902217741935484,3
1354,Let It Be Me,0.5357862903225806,7
1355,"b""Armageddons Raid""",0.007056451612903226,8
1356,Darling_ I Want To Destroy You,0.2772177419354839,5
1357,Unworthy of His Love,0.9319556451612903,2
1358,De rien,0.27923387096774194,6
1359,On Probation,0.6537298387096774,9
1360,East to West,0.3074596774193548,1
1361,Misty Blue,0.6048387096774194,0
1362,"b""Cant Make You Love Me""",0.014112903225806451,5
1363,Magali,0.5745967741935484,4
1364,Main Street Eyes,0.5756048387096774,3
1365,You Never Wash Up After Yourself (Live),0.9873991935483871,3
1366,Tu Mejor Amigo,0.920866935483871,9
1367,"b""So Danco Samba (Jazz N Samba) (1997 Digital Remaster)""",0.0907258064516129,6
1368,The Story Goes On,0.8860887096774194,3
1369,Night Terrors (Album Version),0.6350806451612903,9
1370,Piracy,0.6880040322580645,4
1371,Ongoing Plague,0.6607862903225806,9
1372,Gracieusette,0.4017137096774193,1
1373,Peace Dance,0.6769153225806451,3
1374,Between You And Me,0.19304435483870966,5
1375,Angel,0.15625,5
1376,La Chola Caderona,0.515625,4
1377,Sad Girl (Single Mix),0.7459677419354839,9
1378,Comfortubly Num,0.2474798387096774,5
1379,The Christmas Song  (LP Version),0.858366935483871,2
1380,Adios_ Amigos! (2003 Digital Remaster),0.13709677419354838,7
1381,10000 Km,0.11643145161290322,5
1382,Phillippe,0.6834677419354839,0
1383,Why Baby Why,0.9647177419354839,2
1384,Ni Shi Wo Xin Zhong Yi Ju Jing Tan,0.6335685483870968,3
1385,Waltzing Matilda My Darling,0.9450604838709677,3
1386,God Of Love (Album Version),0.39213709677419356,8
1387,Apologize,0.16431451612903225,6
1388,Laser Show (LP Version),0.5236895161290323,5
1389,Red (Main Version),0.7212701612903225,9
1390,Crushing Belial,0.26360887096774194,6
1391,Silver Bells,0.7797379032258064,3
1392,Better Days,0.19203629032258063,5
1393,Cry_ Cry_ Cry,0.265625,0
1394,Here The Sun Never Shines,0.421875,8
1395,Nude With Boots,0.6461693548387096,9
1396,"b""Dont Do That""",0.02167338709677419,1
1397,Why U Mad At Me (Explicit Screwed Version),0.9657258064516129,9
1398,"b""We Didnt Kill Each Other (But Didnt We Try) [Originally Performed by Dallas Wayne]""",0.10231854838709677,8
1399,The Legend of Yellow Boobie,0.8719758064516129,9
1400,Enerv\xc3\xa9,0.3220766129032258,8
1401,Meu Bem Meu Mal (Mi Bien Mi Mal),0.595766129032258,0
1402,"b""Youre Not Alone""",0.11340725806451613,7
1403,Chuckanut Drive,0.23941532258064516,8
1404,Over And Out [Album Version],0.6683467741935484,3
1405,"b""(Coffees For Closers)""",0.0005040322580645161,5
1406,White Girl Who Can Dance,0.9637096774193548,4
1407,I Constantly Thank God For Esteban (Album Version),0.4485887096774193,5
1408,Please Belive It,0.6905241935483871,4
1409,Blueberry Hill,0.20161290322580644,7
1410,Queen Street Rag (144826),0.7142137096774194,2
1411,Ju Ju,0.49294354838709675,4
1412,Estudio,0.3286290322580645,0
1413,"b""Mass No. 19 in D minor_ Requiem K626: Lacrimosa""",0.07661290322580645,0
1414,Con Alma,0.24949596774193547,7
1415,I Walked Today Where Jesus Walked,0.45564516129032256,3
1416,Spanish Grease,0.8049395161290323,2
1417,Song Of The Valley,0.7998991935483871,4
1418,Slave Song,0.7862903225806451,4
1419,Mark Practices,0.5841733870967741,0
1420,Hot Girls,0.43649193548387094,5
1421,U Not Like Me,0.9269153225806451,9
1422,"b""Mighty Lak a Rose""",0.07762096774193548,0
1423,Junko partner,0.4959677419354839,1
1424,The Windmills Of Your Mind,0.8921370967741935,0
1425,Crave and Wonder,0.25856854838709675,5
1426,"b""Cant Stop Cocoa Tea""",0.014616935483870967,1
1427,Merry Christmas Baby,0.5932459677419355,3
1428,The Song Is You,0.8835685483870968,4
1429,Al maestro,0.14314516129032256,5
1430,Venti scudi,0.9380040322580645,4
1431,"b""All Thats Left""",0.005040322580645161,8
1432,Looking Back,0.5504032258064516,2
1433,"b""Its All Understood""",0.05897177419354838,7
1434,The Ball,0.8523185483870968,4
1435,The Sun is here for you,0.8870967741935484,2
1436,Golden Touch (LP Version),0.3946572580645161,0
1437,Cabaret,0.22127016129032256,5
1438,Idnnitkhtr,0.4642137096774193,5
1439,Spent,0.8074596774193549,9
1440,I Heard It Throught The Grapevine,0.45161290322580644,8
1441,Eight (Album Version),0.30997983870967744,6
1442,Just One Time,0.49848790322580644,6
1443,More Power To Ya,0.611391129032258,3
1444,Within My Blood,0.970766129032258,9
1445,Decima Del Tiempo De Antes,0.2817540322580645,7
1446,Same Game,0.7494959677419355,4
1447,El Jorobadito,0.31401209677419356,5
1448,Where We Are From,0.9616935483870968,2
1449,Rider 4 Real,0.7338709677419355,9
1450,Ocean Drive,0.6486895161290323,9
1451,Mr. Wonderful,0.6159274193548387,3
1452,Distractions,0.29435483870967744,5
1453,Headless Heroes (LP Version),0.4158266129032258,5
1454,Boar Hog Blues,0.2036290322580645,2
1455,His Love Says (Album),0.42993951612903225,1
1456,Traffic,0.9128024193548386,4
1457,"b""Danger! Shes A Stranger""",0.01814516129032258,5
1458,Five Long Years,0.3543346774193548,7
1459,Sweetest Maleficia (Album Version),0.8311491935483871,9
1460,As The Terror Dances Your Way,0.16834677419354838,5
1461,Conker The King,0.25302419354838707,6
1462,Saturday Love,0.7545362903225806,4
1463,Butts n Stuff,0.21774193548387097,1
1464,"b""Why Cant You Be Mine""",0.1063508064516129,5
1465,Believe,0.18850806451612903,7
1466,Sailing To The Edge Of The Earth,0.7474798387096774,9
1467,Street Vibe,0.8170362903225806,4
1468,Jarabe De Pico,0.48588709677419356,6
1469,How Can I,0.43951612903225806,6
1470,"b""Ill Be Better""",0.04334677419354838,5
1471,Easy To Lose Hope,0.3079637096774194,5
1472,Like A Dog,0.5403225806451613,4
1473,Can You Hear Me,0.22379032258064516,5
1474,True,0.9183467741935484,3
1475,Akhm Nakon,0.14264112903225806,5
1476,"b""Steppin Out Tonight""",0.09223790322580645,1
1477,"b""57 Chevrolet""",0.0,7
1478,You Should Be Free,0.9884072580645161,0
1479,"b""Dont Cha Know""",0.021169354838709676,5
1480,The Battle Of New Orleans,0.8528225806451613,2
1481,February Song [Live],0.34627016129032256,7
1482,You Lasses and Lads,0.985383064516129,2
1483,You Left Me,0.9858870967741935,4
1484,Keep It Going Louder (Tom Stephan Harder Mix),0.5015120967741935,8
1485,"b""Happy Valentines""",0.03377016129032258,6
1486,Million Teardrops,0.6018145161290323,1
1487,Lover In Demand,0.564516129032258,4
1488,Speed Of Sound (Emergency Broadcast Album Version),0.8069556451612903,9
1489,2HB (1999 Digital Remaster),0.12298387096774194,6
1490,Take Her Out,0.8341733870967741,4
1491,That you fool ed me,0.8503024193548386,4
1492,Problems,0.7046370967741935,4
1493,Crustaceans As Castanets,0.26411290322580644,7
1494,The Man From U.N.C.L.E.,0.873991935483871,4
1495,"b""Is It The Skin Im In?""",0.055443548387096774,5
1496,Requiem Blaster,0.7273185483870968,9
1497,Josephine (French Edit),0.49193548387096775,5
1498,"b""Aint That Loving You Baby""",0.004032258064516129,6
1499,Pr\xc3\xa9liminaires_ par Philippe Pag\xc3\xa8s (feat. Philippe Pag\xc3\xa8s),0.6975806451612903,1
1500,Bald Head,0.18044354838709678,6
1501,Sun Shower - Cadence Weapon Remix (Cd),0.8225806451612903,9
1502,"b""Its All In My Mind""",0.05846774193548387,5
1503,Cold Youth,0.24344758064516128,5
1504,Heft*,0.4183467741935484,1
1505,What Are You Fighting For,0.955141129032258,4
1506,14 Botellas,0.11844758064516128,8
1507,Some Guys Have All The Luck,0.7963709677419355,9
1508,Why Did You All Lie to Me?,0.9652217741935484,0
1509,Move On,0.6139112903225806,4
1510,"b""LHomme au trap\xc3\xa8ze volant""",0.06754032258064516,6
1511,Bi Thus A Mo Shuile (LP Version),0.19405241935483872,0
1512,Stop Breaking Down (1994 Digital Remaster),0.814516129032258,9
1513,Shadow After Dark,0.7681451612903225,4
1514,Xtra Thump (Featuring Tash from Tha Alkaholiks),0.9758064516129032,4
1515,Limbo Rock,0.5418346774193549,9
1516,You Gave Me A Mountain,0.984375,3
1517,Orgullo,0.6653225806451613,2
1518,Fauch\xc3\xa9,0.3442540322580645,5
1519,I Never Shall Forget That Day (Reunion Album Version),0.454133064516129,5
1520,Cellular Phone,0.22933467741935484,5
1521,"b""Breakin""",0.010584677419354838,5
1522,Hornpipes: The First of May / the New Century,0.43598790322580644,2
1523,Fen Shou Zong Yao Zai Yu Tian,0.3482862903225806,7
1524,Good Enough,0.3951612903225806,7
1525,The Friendly Visit / The Stack of Wheat / The Gypsy Hornpipe,0.8664314516129032,2
1526,Samaritanas Del Amor,0.748991935483871,3
1527,Sahnu bhul ke Maha,0.7469758064516129,3
1528,Adios Pampa Mia,0.13659274193548387,7
1529,Bailando,0.17993951612903225,7
1530,Midnight  (LP Version),0.5987903225806451,3
1531,Sunshower,0.8245967741935484,3
1532,Restcure,0.7293346774193549,9
1533,Dixi\xc3\xa8me Commandement,0.29485887096774194,5
1534,Centop\xc3\xa9ia,0.23034274193548387,6
1535,1969,0.11945564516129031,8
1536,It\x19s Raining,0.48235887096774194,3
1537,You Still Believe in Me,0.9889112903225806,2
1538,24 Hours from Tulsa (Bonus Track),0.12247983870967742,8
1539,"b""Dont Knock Love""",0.02217741935483871,5
1540,Destiny Ft: Lesk One,0.2867943548387097,8
1541,Aljarafe,0.14516129032258063,7
1542,Yhteinen koti,0.9773185483870968,4
1543,"b""Its Not What You Say""",0.059979838709677415,7
1544,Way Beyond,0.9495967741935484,4
1545,Oprah (Album Version),0.6648185483870968,2
1546,Everyone (LP Version),0.3346774193548387,5
1547,My Pillow,0.6224798387096774,3
1548,Check 1_2,0.23538306451612903,8
1549,Thug Love,0.9017137096774194,4
1550,Start Moving,0.8119959677419355,4
1551,Show a Sign of Life,0.7752016129032258,9
1552,Mean Old World Blues,0.5892137096774194,2
1553,Ville Eyolf,0.939516129032258,9
1554,En mis besos,0.3190524193548387,7
1555,Anya,0.16129032258064516,0
1556,Que Viva El Amor,0.7132056451612903,3
1557,Performance (Remastered),0.6809475806451613,9
1558,Aho,0.14163306451612903,5
1559,Crawlspace,0.2590725806451613,1
1560,"b""Heart it Races (Yachts I Should Coco Mix)""",0.035282258064516125,8
1561,"b""Rockin At Midnight""",0.08568548387096774,5
1562,Tocame,0.90625,9
1563,Know Thyself,0.5080645161290323,3
1564,"b""Jolie Blons Gone""",0.06350806451612903,7
1565,Fairytale Land,0.3407258064516129,6
1566,"b""Ive Got The World On A String""",0.05241935483870967,7
1567,Problems,0.7046370967741935,9
1568,Juno,0.4964717741935484,5
1569,Grandma (Screwed & Chopped Version),0.4022177419354839,5
1570,The Last Song,0.8709677419354839,3
1571,Macarena,0.5710685483870968,9
1572,Need To Belong To Someone,0.627016129032258,4
1573,Bystander (Album Version),0.21875,5
1574,Rock The House (Radio Edit),0.7384072580645161,9
1575,Times Square,0.9022177419354839,2
1576,Light,0.5393145161290323,3
1577,Les Femmes Des Autres,0.5317540322580645,2
1578,Old Man Rocking Chair,0.6517137096774194,3
1579,Ain`t got nothing ( feat. David Banner & Eddy Soulo ),0.14213709677419353,6
1580,Bonnie Mae,0.2061491935483871,7
1581,"b""I Cant Stand It""",0.038306451612903226,5
1582,Fall River Legend: Conversation: Morton Gould/Agnes de Mille,0.34122983870967744,0
1583,One Little Baby,0.6567540322580645,3
1584,Macht hoch die T\xc3\xbcr,0.5720766129032258,0
1585,Mark My Words (Album Version),0.5836693548387096,9
1586,Grace And Mercy Part II,0.4012096774193548,1
1587,C Day (Maxi Club Version),0.2192540322580645,5
1588,Les Noirs Marchant (Rudy Van Gelder 24Bit Mastering) (2002 Digital Remaster),0.533266129032258,3
1589,Itchycoo Park,0.48336693548387094,5
1590,Life,0.5383064516129032,8
1591,It Is No Secret (What God Can Do),0.4798387096774193,3
1592,The Way Love Is,0.8891129032258064,4
1593,Never My Love,0.6290322580645161,3
1594,Henrys Death,0.42036290322580644,5
1595,Act One: Rise and Fall - From the Ashes (I. Chapter One / II. Chapter Two),0.1350806451612903,6
1596,Mallorca_ Op.202 - transcr. Marc Switzer,0.578125,0
1597,Back On My New S*** (feat. Tre Williams),0.17691532258064516,5
1598,As Mist Lay Silent Beneath,0.16733870967741934,8
1599,Shy Boy (1999 Digital Remaster),0.7762096774193549,2
1600,Give It All You Got,0.3855846774193548,8
1601,Bata 6/8,0.18296370967741934,1
1602,Eres Tu,0.3245967741935484,6
1603,Your Love,0.9919354838709677,4
1604,El Perro,0.31502016129032256,7
1605,Kumal & Sangha,0.5100806451612903,0
1606,Ducktails - Moon,0.3034274193548387,5
1607,Nana,0.6255040322580645,0
1608,I Will Be Free (LP Version),0.45816532258064513,3
1609,National Fencibles March,0.626008064516129,9
1610,Min Tou Milate Tou Pediou,0.6028225806451613,3
1611,Soy De Oaxaca,0.8044354838709677,9
1612,M\xc3\xa4dchen mit Plan,0.5695564516129032,3
1613,"b""Everyones At It""",0.028225806451612902,8
1614,I Want To Live (Smash Club Mix),0.4566532258064516,8
1615,"b""Goin To Hell On A Sled""",0.03125,5
1616,The Fourth Wish,0.8659274193548386,2
1617,Obsession,0.6481854838709677,4
1618,The World Turned Upside Down,0.8936491935483871,4
1619,Slow Ride [Live Version],0.7893145161290323,9
1620,Kenourgios Erotas,0.5025201612903226,6
1621,Too Late,0.9092741935483871,4
1622,Machinenfunk,0.5715725806451613,9
1623,"b""Im Going All The Way (Album)""",0.04838709677419355,5
1624,Thats What I Like About a Country Song,0.8508064516129032,3
1625,Big Boss Man,0.19455645161290322,6
1626,The Christmas Song,0.8588709677419355,9
1627,Korea (LP Version),0.5095766129032258,5
1628,"b""(I Used To Couldnt Dance) Tight Pants""",0.0010080645161290322,8
1629,Assassin,0.1693548387096774,8
1630,Only Love,0.6628024193548387,3
1631,Well Oh Well,0.954133064516129,9
1632,Times Up,0.9027217741935484,4
1633,"b""Whats Gonna Happen On the 8th Day""",0.10433467741935483,5
1634,Get Your Head Stuck On Your Neck,0.3810483870967742,1
1635,Playstation Generation,0.6900201612903225,9
1636,Sample Track 17,0.751008064516129,1
1637,Aur\xc3\xa8le et C\xc3\xa9line,0.17137096774193547,7
1638,Lake Charles Two-Step,0.5221774193548387,3
1639,"b""Romeos Exile""",0.08669354838709677,7
1640,He Never Changes,0.41431451612903225,5
1641,Pick Me Up On Your Way Down,0.6854838709677419,3
1642,"b""Dont You Think Its Time To Go""",0.026209677419354836,7
1643,Frieda,0.3714717741935484,7
1644,"b""Lantillais Donne""",0.06804435483870967,8
1645,"b""Hymne A LAmour""",0.037298387096774195,7
1646,La Fluta Magica,0.5161290322580645,2
1647,Etre Le Premier,0.329133064516129,5
1648,Dayz Of Our Livez,0.2782258064516129,8
1649,Road-Age at the Farmers Market,0.7358870967741935,9
1650,Inner Chamber,0.4732862903225806,0
1651,"b""It Aint The Meat Its The Motion""",0.056451612903225805,6
1652,Woman Shy,0.9722782258064516,4
1653,"Take The ""A"" Train",0.8356854838709677,2
1654,Protect You,0.7061491935483871,2
1655,Frankie And Johnny,0.36743951612903225,0
1656,Have Thine Own Way,0.4133064516129032,3
1657,Rebel Music,0.720766129032258,9
1658,Unbreak My Heart,0.9294354838709677,3
1659,Wailing Sounds,0.9430443548387096,9
1660,Evergreen,0.3316532258064516,5
1661,Italian Concerto in F_ BWV 971 - Allegro,0.48286290322580644,7
1662,God Bird Change,0.38961693548387094,5
1663,Tuscan Chica,0.9254032258064516,4
1664,Transamazonia (Deep Dish No Doze Mix),0.9133064516129032,9
1665,The Preacher & the Funeral,0.8795362903225806,2
1666,Stand (Album Version),0.8099798387096774,4
1667,Memphis Jug,0.5922379032258064,3
1668,We All Need Love,0.9501008064516129,4
1669,What Woman Really Wear To Bed,0.9561491935483871,9
1670,Honey,0.4339717741935484,1
1671,Reminisce For A While (Sung With Raul Malo),0.7263104838709677,3
1672,Gail Wakes Up,0.3755040322580645,7
1673,Beautiful,0.18548387096774194,8
1674,Aftertaste,0.140625,7
1675,I Could Use Another You (Digital Re-Recording),0.4490927419354839,1
1676,"b""Nayez crainte mesdames""",0.07913306451612903,6
1677,Tredve\xc3\xa5rsfurua P\xc3\xa5 Ask\xc3\xb8y,0.9158266129032258,4
1678,I Am Fred Astaire (Album Version),0.44606854838709675,8
1679,Blues Again,0.20211693548387097,7
1680,Love Goes Down (Part Deux),0.5574596774193549,4
1681,Nothing To You,0.6451612903225806,2
1682,What a Friend We Have in Jesus,0.9571572580645161,2
1683,Peigin is Peadar,0.6789314516129032,0
1684,"b""Sally Cant Dance""",0.08719758064516128,5
1685,World Wind,0.9737903225806451,4
1686,Lero Do Bolero,0.5297379032258064,3
1687,born again,0.9984879032258064,3
1688,"b""Palla paca""",0.08014112903225806,7
1689,Gold Flames Of Angels,0.3941532258064516,5
1690,Kill Miss America (Album Version),0.5040322580645161,8
1691,Like A Star,0.5408266129032258,1
1692,2 Glocks,0.12046370967741934,1
1693,Zavelow House (Album Version),0.9944556451612903,9
1694,Wanderlust,0.9455645161290323,9
1695,Seven Days Too Long,0.7671370967741935,9
1696,Rock Me Baby,0.7373991935483871,4
1697,Freak it all Night,0.36794354838709675,1
1698,Hiekkaa (polvere),0.42691532258064513,5
1699,La Rivi\xc3\xa8re De Ton Dos,0.5186491935483871,0
1700,Bill Lynch,0.19657258064516128,1
1701,"b""Colemans No. 1 / Ton Double Fisel / Kiely Cotters / How We Spent the Christmas""",0.01663306451612903,5
1702,Zig-Zag Walk,0.9969758064516129,4
1703,She Blinded Me With Science,0.7691532258064516,9
1704,"b""Lets Roll (Take 1)""",0.07056451612903225,7
1705,Satellite Of Love (Album Version),0.7540322580645161,4
1706,Watching You,0.9490927419354839,3
1707,For Anything,0.3634072580645161,7
1708,Chain (Album Version),0.2318548387096774,5
1709,"b""Whats He Doin In My World""",0.10483870967741934,7
1710,Speaker Problems,0.8059475806451613,2
1711,Eagle Eye,0.30544354838709675,6
1712,"b""Cest Toujours la M\xc3\xaame Histoire""",0.012600806451612902,7
1713,Let Me Out,0.5367943548387096,3
1714,Alchemy Index Vol 1 \x13 Water 1 of 6,0.1436491935483871,5
1715,Paragon Rag  (LP Version),0.6743951612903225,0
1716,Velvet,0.9375,4
1717,"b""Ricerca nell isola""",0.0846774193548387,0
1718,Flame On,0.3553427419354839,8
1719,Great Is Thy Faithfulness,0.4027217741935484,0
1720,Cool People Make Me Tired,0.2545362903225806,5
1721,Joaquin Torres Jr.,0.4904233870967742,6
1722,Walking The Cow (Hi How Are You),0.9445564516129032,2
1723,Queen Of The Hours (2001 Digital Remaster),0.7137096774193549,4
1724,Skit #2 (Kanye West/Late Registration),0.7847782258064516,2
1725,Prijateljica,0.7026209677419355,9
1726,Drum Machine Joy,0.3024193548387097,5
1727,Etre Une Femme,0.32963709677419356,7
1728,Death Or Glory,0.2807459677419355,5
1729,Please No More,0.6925403225806451,3
1730,Phantoms In The Mirror,0.6829637096774194,9
1731,The Wreckage Intro (Album Version),0.8941532258064516,0
1732,Encouraged,0.32006048387096775,8
1733,"b""Im Just A Girl""",0.04939516129032258,7
1734,Armando,0.16532258064516128,5
1735,Flat Earth Society (Album Version),0.3558467741935484,8
1736,Cool Water,0.25504032258064513,7
1737,Try And Stop Me,0.9193548387096774,3
1738,Las Muchachas,0.5231854838709677,6
1739,The Beginning of the Partnership,0.8533266129032258,2
1740,"b""This Ones For You""",0.09727822580645161,7
1741,Dans le calme de la nuit,0.2762096774193548,5
1742,Tin Pan Alley (aka Roughest Place In Town),0.9032258064516129,2
1743,Umbrellas Of Cherbourg,0.9274193548387096,3
1744,Here Without You,0.42338709677419356,7
1745,Dig Up,0.29032258064516125,5
1746,Passion,0.6759072580645161,6
1747,I Am The Walrus,0.44657258064516125,6
1748,Hunger Strike,0.4435483870967742,3
1749,Hood Figga Juke,0.4344758064516129,1
1750,On The Other Hand (Album Version),0.6542338709677419,3
1751,I Won\x19t Let You Back In,0.46068548387096775,8
1752,Best Friend,0.19002016129032256,7
1753,M 14,0.5675403225806451,1
1754,Pub Pusher,0.7071572580645161,4
1755,In This Skin,0.47076612903225806,8
1756,Sellotape Flowers,0.7631048387096774,1
1757,Kurrajong,0.5115927419354839,3
1758,Mari Mouri (Mary Has Died),0.5826612903225806,3
1759,Eric,0.3251008064516129,8
1760,"b""Im Walking""",0.050907258064516125,8
1761,Go Baby (feat GemStones) (Explicit Album Version),0.38860887096774194,5
1762,Broderskapets ring,0.2127016129032258,8
1763,Si Lu,0.7767137096774194,3
1764,"b""\xc3\x87a cest Paris""",0.11441532258064516,5
1765,God Is The Answer (Footprints In The Sand Album Version),0.3911290322580645,7
1766,Cuento De La Buena Pipa,0.266633064516129,1
1767,The Wickedness,0.891633064516129,9
1768,"Perk trip - sleeping in ""tubes",0.6814516129032258,1
1769,Baby Boy [feat. Beyonce],0.1754032258064516,5
1770,Dasotmori Live,0.2777217741935484,0
1771,Mopao,0.6108870967741935,4
1772,Angry Young Men (LP Version),0.15725806451612903,1
1773,Peanuts (The Peanut Vendor),0.6774193548387096,4
1774,Completeness,0.24899193548387097,7
1775,Anytime You Need A Friend,0.1622983870967742,8
1776,Rock And Roll (Could Never Hip Hop Like This) Part 2 featuring Lord Finesse_ Mike Shonoda_ Chester Bennington_ Rahzel_ Qbert_ Grand Wizard Theodore & Jazzy Jay (Instrumental),0.7368951612903225,4
1777,Right here Waiting,0.734375,9
1778,Soleariyas,0.7953629032258064,2
1779,Gamilia Patinada,0.37752016129032256,2
1780,Lonesome Road,0.5493951612903226,1
1781,"b""Im So Bored With The U.S.A.""",0.05040322580645161,8
1782,Slow Down,0.7888104838709677,4
1783,Born To Run,0.20866935483870966,5
1784,Finally (Album Version),0.35181451612903225,7
1785,"b""Il a suffit dune chanson damour""",0.05493951612903226,7
1786,Shades Of Love,0.767641129032258,3
1787,"b""36 Grad (Paul van Dyks Vandit Clubmix)""",0.0025201612903225806,5
1788,This is My Year,0.8991935483870968,4
1789,Electrasonic V,0.3165322580645161,5
1790,Que Vas A Hacer?,0.7127016129032258,4
1791,Love Divine_ All Love Excelling,0.5569556451612903,2
1792,Ay ! Mi Sombrero,0.1723790322580645,5
1793,Country Girl,0.2570564516129032,7
1794,Execution,0.33669354838709675,8
1795,Moscow Nights,0.6129032258064516,2
1796,Red is the Rose,0.7237903225806451,0
1797,Ride On The Rhythm,0.7323588709677419,9
1798,I.B.S. (Amended Album Version),0.4627016129032258,8
1799,The Murder Prologue,0.8755040322580645,4
1800,C.C. Ryder,0.21975806451612903,5
1801,Prelude (Learing To Trust Album Version),0.7001008064516129,0
1802,"b""Till We Aint Strangers Anymore""",0.09778225806451613,7
1803,Bewitched_ Bothered & Bewildered,0.1935483870967742,0
1804,Reels: Old Joes / the Cliffs of Moher / the clips of mohair / the slightly less-well-informed maid,0.7247983870967741,2
1805,Stumble,0.8185483870967741,2
1806,Die Slow,0.28931451612903225,8
1807,Taking Over,0.8371975806451613,4
1808,El Hombre De La Valija (Rock),0.313508064516129,1
1809,Work Hard,0.9732862903225806,4
1810,"b""Wont Be Long""",0.10735887096774194,5
1811,Azul Contente,0.17288306451612903,0
1812,Winter In Finland,0.96875,3
1813,Tras La Reja,0.9148185483870968,2
1814,Ten Days (Album Version),0.845766129032258,4
1815,"b""Half Aint Been Told""",0.03225806451612903,7
1816,Perfect Peace,0.6804435483870968,3
1817,Machuca,0.5725806451612903,9
1818,Rang De Basanti,0.719758064516129,9
1819,Einmal reich,0.31098790322580644,5
1820,The Blinding Sun,0.8548387096774194,4
1821,Do You Ever Think Of Me,0.2963709677419355,7
1822,Chasing Monsters,0.234375,5
1823,Never Tell,0.6295362903225806,9
1824,Night Beat,0.6345766129032258,2
1825,"b""Passin Me By""",0.0811491935483871,8
1826,SPONT.AN,0.7449596774193549,9
1827,Softly And Tenderly,0.7948588709677419,3
1828,Apisti,0.16330645161290322,5
1829,Got To Give It Up,0.39969758064516125,6
1830,Rockout_ Whatever You Feel Like,0.7389112903225806,6
1831,"b""If Thats True""",0.05443548387096774,5
1832,Just Look At the Blessing,0.49798387096774194,5
1833,The Rover (Takao Tajima Remix),0.8815524193548386,9
1834,Beachport,0.1849798387096774,1
1835,Concerto No.3 In D: Allegro,0.25201612903225806,6
1836,CB4,0.22026209677419353,1
1837,Cero Codazos,0.23084677419354838,7
1838,You Never Cry Like A Lover (LP Version),0.9868951612903225,2
1839,Crazy Rhythm,0.2595766129032258,1
1840,Voucher,0.9420362903225806,2
1841,Pretty Please Me,0.7011088709677419,9
1842,Eimsbush bis 0711,0.31048387096774194,8
1843,Cupareree or Graysinn,0.2691532258064516,7
1844,Carry The Weight,0.22782258064516128,1
1845,Future/Now (LP Version),0.375,7
1846,Chowbay,0.23840725806451613,7
1847,Piney Brown (K.C.),0.6869959677419355,3
1848,Soot and Stars,0.8009072580645161,3
1849,Intro,0.4747983870967742,8
1850,Jah Keep Us There,0.4848790322580645,1
1851,Hot Rod Lincoln,0.4369959677419355,1
1852,Angeles,0.1567540322580645,7
1853,M\xc3\xa9dium,0.5700604838709677,4
1854,My Tribute (to God Be The Glory),0.6234879032258064,3
1855,But You Are,0.21673387096774194,5
1856,Pretty Smiles & Shattered Teeth,0.7016129032258064,9
1857,Policias Y Ladrones,0.6960685483870968,4
1858,English House,0.3225806451612903,5
1859,Simon,0.780241935483871,3
1860,Bancate Ese Defecto,0.1819556451612903,1
1861,Army Of One,0.1658266129032258,5
1862,Grial II,0.40372983870967744,8
1863,Get A Hold,0.38004032258064513,1
1864,From Ivory Towers Above The Control Grid,0.37298387096774194,8
1865,Cosmic Forge (LP Version),0.2565524193548387,8
1866,Over And Over,0.6688508064516129,4
1867,The Question Is (Album Version),0.8805443548387096,3
1868,Todo A Pulm\xc3\xb3n,0.9077620967741935,2
1869,Lullaby For The Summer,0.5660282258064516,6
1870,"b""Love N Gold""",0.0751008064516129,5
1871,Juke It Down,0.4949596774193548,1
1872,Where I Stood [Live],0.9611895161290323,3
1873,Disposition (feat. Jest),0.2928427419354839,8
1874,Dog Tagged,0.2973790322580645,8
1875,Doctrines,0.296875,7
1876,The Key,0.8694556451612903,4
1877,Fang Bu Sheng Fang,0.3432459677419355,7
1878,"b""Wagoners Lad""",0.10131048387096774,7
1879,5 Foot 1,0.12752016129032256,8
1880,"b""Peter Pan (jveux pas \xc3\xaatre jeune) [feat. Les Pistons Flingueurs]""",0.08215725806451613,6
1881,Baby Momma (Chopped & Screwed Version),0.17641129032258063,5
1882,Butterflies,0.21723790322580644,5
1883,Guajira Y Ven,0.40473790322580644,6
1884,Games That Lovers Play,0.37701612903225806,7
1885,Desperados,0.28629032258064513,8
1886,One More Night,0.658266129032258,3
1887,No Se Lo Que Me Da,0.6376008064516129,3
1888,Going Back To New Orleans,0.39314516129032256,5
1889,Superman,0.8251008064516129,4
1890,Coyotes (Album Version),0.25756048387096775,5
1891,Fly Again (The Scumfrog Radio Edit),0.359375,8
1892,Todas Las Cosas Que Ella Me Di\xc3\xb3,0.907258064516129,2
1893,Ice Cream Man,0.4632056451612903,6
1894,Cumha Eoghain Rua Ui Neill (Lament For Owen Roe),0.26814516129032256,0
1895,El Chico Del Apartamento 512,0.31149193548387094,5
1896,Bang,0.18245967741935484,5
1897,The Everclear Song,0.8644153225806451,3
1898,Streamline,0.8165322580645161,4
1899,Sweet Lover Hangover,0.8286290322580645,4
1900,Good Girl Gone Bad,0.39566532258064513,5
1901,"b""Rollin and Tumblin""",0.08618951612903225,6
1902,"b""Hes Waitin""",0.03477822580645161,8
1903,Laurie And Martin,0.5241935483870968,2
1904,I Must Tell Somebody,0.453125,7
1905,If Money Talks,0.4647177419354839,8
1906,Shine For Jesus,0.7716733870967741,0
1907,Thank You For Calling,0.8492943548387096,0
1908,Gay Ranchero,0.3790322580645161,0
1909,Sample Track 11,0.75,2
1910,Mi Ni Yu Wo,0.5972782258064516,9
1911,Evening Prayer,0.33114919354838707,7
1912,Hard To Admit,0.4097782258064516,7
1913,Yi Ji Ji Zhong,0.9783266129032258,9
1914,Qu\xc3\xadtate La Ropa,0.7106854838709677,9
1915,Sarambeque,0.7530241935483871,3
1916,Resurrection,0.7303427419354839,3
1917,Min Aporis,0.6023185483870968,3
1918,"b""JSuis Dans La D\xc3\xaache""",0.061995967741935484,7
1919,Teeny Weeny String Bikini,0.8432459677419355,9
1920,Poema,0.6945564516129032,2
1921,Watch This Sounds,0.9475806451612903,4
1922,Mozart In Samba Motion,0.6144153225806451,0
1923,"b""Lock The Door / Get Up Old Woman And Shake Yourself / What Ails You? - (single jig)""",0.07258064516129031,7
1924,Sweet Suffering Christ,0.829133064516129,3
1925,Follow The Light (Radio Edit),0.36139112903225806,5
1926,Heaven Can Wait,0.4178427419354839,5
1927,Carta De Amor,0.2283266129032258,0
1928,When Disaster Strikes (Explicit LP Version),0.9576612903225806,4
1929,Yo Mouth (Skit),0.9793346774193548,4
1930,Noises,0.6421370967741935,0
1931,Dissidents (The Search For Truth Part 1) (2009 Digital Remaster),0.2933467741935484,1
1932,The Big Stall,0.8543346774193548,4
1933,Dying To Stay,0.3039314516129032,5
1934,"Beneath The Valley Of The Underdog (Album Version + Hidden Track ""Talkin\ Randy Tate\s..."")",0.18901209677419353,5
1935,Watchie Watchie,0.9485887096774194,4
1936,Gun Shot,0.40625,1
1937,Take Five - Live,0.8336693548387096,9
1938,Kindhearted Woman Blues,0.5050403225806451,2
1939,Sam und Bo_ N.E.O.,0.7484879032258064,9
1940,Take The Time,0.8361895161290323,3
1941,Desert Caravan,0.2852822580645161,7
1942,Born Again,0.20766129032258063,5
1943,Les Forains,0.5327620967741935,2
1944,Sunset In Akkarai,0.8240927419354839,4
1945,Trouble,0.9163306451612903,2
1946,"b""Dont Stop""",0.024193548387096774,5
1947,Vodne stocne,0.9410282258064516,4
1948,Puzzle of Hearts,0.7091733870967741,3
1949,Aunque Ma\xc3\xb1ana No Estes,0.17086693548387097,7
1950,Ja Soc Aqui,0.484375,2
1951,Sweetest Goodbye,0.8306451612903225,4
1952,Did Ya Say That,0.28881048387096775,8
1953,After One Quarter Of A Revolution,0.14012096774193547,8
1954,Streets On Fire,0.8175403225806451,9
1955,Everything Good (Everything Good Version),0.3351814516129032,5
1956,Christina The Astonishing (2010 Digital Remaster),0.23891129032258063,7
1957,Hello,0.41985887096774194,8
1958,Nada De Ti,0.625,4
1959,House Full Of Bullets,0.4380040322580645,5
1960,"b""The Kids Last Night (heaven is in the mountain)""",0.09526209677419355,7
1961,Curse Of Sound (Dub Mix),0.2696572580645161,5
1962,Midnight Lovers,0.5997983870967741,1
1963,Shoot The Dog,0.7731854838709677,9
1964,Praz Him (Broken Album Version),0.6995967741935484,9
1965,The Aba Daba Honeymoon,0.8518145161290323,2
1966,Tainted Love feat. Tatz,0.8331653225806451,9
1967,"b""Ill Be Home When I Can""",0.0438508064516129,7
1968,The Song Remains The Same (2007 Remastered Album Version),0.8840725806451613,9
1969,Everything In Its Right Place,0.33568548387096775,5
1970,Ida Red,0.4637096774193548,6
1971,Confiar Es Perder,0.25252016129032256,5
1972,Eat Or Get Ate,0.3084677419354839,8
1973,Requiem Mass in D Minor_ K. 626: VIII. Lacrimosa dies illae,0.7278225806451613,0
1974,"Of Love & War (""Harry Potter & The Half-Blood Prince"")",0.6507056451612903,0
1975,Giant Steps,0.38356854838709675,1
1976,Better Life,0.19254032258064516,8
1977,Constructing the Absence,0.2535282258064516,1
1978,Serenata de un gaitero,0.7661290322580645,9
1979,Amazing,0.15272177419354838,5
1980,La Pieuvre,0.5181451612903226,3
1981,Slatke male maloletnice,0.7857862903225806,4
1982,Boy & Girl (Feat. Fiona Daniel),0.2096774193548387,5
1983,"b""Dont Treat Me Bad""",0.025201612903225805,5
1984,Concede,0.251008064516129,5
1985,Djungelstadt,0.29586693548387094,5
1986,"b""Freezin From The Inside Out""",0.02973790322580645,7
1987,"b""Ive Been Working on the Railroad""",0.05191532258064516,7
1988,Maga Dog/ Skanky Dog (Album),0.5740927419354839,3
1989,Escape From The Underrealm,0.32661290322580644,8
1990,"b""Gaffos Ball""",0.03024193548387097,5
1991,Bleeds In Blue (Album Version),0.19909274193548387,5
1992,You Make Our Shack A Mansion,0.986391129032258,4
1993,Peanuts,0.6779233870967741,4
1994,I Can Dig It,0.4475806451612903,6
1995,Mi Coraz\xc3\xb3n Y Mi Mente,0.5962701612903225,4
1996,Getting Closer,0.3815524193548387,1
1997,Tough Guy,0.9117943548387096,9
1998,Bubble Music,0.21471774193548387,8
1999,Flesh And Blood,0.35685483870967744,5
2000,Bury Me,0.2157258064516129,7
